SMM: enter
EAX=00000001 EBX=00000000 ECX=02000000 EDX=02000628
ESI=0000000b EDI=02000000 EBP=00014b40 ESP=00006c60
EIP=000eafe4 EFL=00000002 [-------] CPL=0 II=0 A20=1 SMM=0 HLT=0
ES =0010 00000000 ffffffff 00cf9300 DPL=0 DS   [-WA]
CS =0008 00000000 ffffffff 00cf9b00 DPL=0 CS32 [-RA]
SS =0010 00000000 ffffffff 00cf9300 DPL=0 DS   [-WA]
DS =0010 00000000 ffffffff 00cf9300 DPL=0 DS   [-WA]
FS =0010 00000000 ffffffff 00cf9300 DPL=0 DS   [-WA]
GS =0010 00000000 ffffffff 00cf9300 DPL=0 DS   [-WA]
LDT=0000 00000000 0000ffff 00008200 DPL=0 LDT
TR =0000 00000000 0000ffff 00008b00 DPL=0 TSS32-busy
GDT=     000f6180 00000037
IDT=     000f61be 00000000
CR0=00000011 CR2=00000000 CR3=00000000 CR4=00000000
DR0=0000000000000000 DR1=0000000000000000 DR2=0000000000000000 DR3=0000000000000000 
DR6=00000000ffff0ff0 DR7=0000000000000400
CCS=00000080 CCD=00000001 CCO=LOGICB
EFER=0000000000000000
SMM: after RSM
EAX=00000001 EBX=00000000 ECX=02000000 EDX=02000628
ESI=0000000b EDI=02000000 EBP=00014b40 ESP=00006c60
EIP=000eafe4 EFL=00000002 [-------] CPL=0 II=0 A20=1 SMM=0 HLT=0
ES =0010 00000000 ffffffff 00c09300 DPL=0 DS   [-WA]
CS =0008 00000000 ffffffff 00c09b00 DPL=0 CS32 [-RA]
SS =0010 00000000 ffffffff 00c09300 DPL=0 DS   [-WA]
DS =0010 00000000 ffffffff 00c09300 DPL=0 DS   [-WA]
FS =0010 00000000 ffffffff 00c09300 DPL=0 DS   [-WA]
GS =0010 00000000 ffffffff 00c09300 DPL=0 DS   [-WA]
LDT=0000 00000000 0000ffff 00008200 DPL=0 LDT
TR =0000 00000000 0000ffff 00008b00 DPL=0 TSS32-busy
GDT=     000f6180 00000037
IDT=     000f61be 00000000
CR0=00000011 CR2=00000000 CR3=00000000 CR4=00000000
DR0=0000000000000000 DR1=0000000000000000 DR2=0000000000000000 DR3=0000000000000000 
DR6=00000000ffff0ff0 DR7=0000000000000400
CCS=00000000 CCD=00000000 CCO=EFLAGS
EFER=0000000000000000
Servicing hardware INT=0x08
SMM: enter
EAX=000000b5 EBX=000f7d6b ECX=00001234 EDX=00006cff
ESI=00006cb8 EDI=07fbecc0 EBP=00006c78 ESP=00006c78
EIP=00007d6a EFL=00000006 [-----P-] CPL=0 II=0 A20=1 SMM=0 HLT=0
ES =d980 000d9800 ffffffff 008f9300
CS =f000 000f0000 ffffffff 008f9b00
SS =0000 00000000 ffffffff 008f9300
DS =0000 00000000 ffffffff 008f9300
FS =0000 00000000 ffffffff 008f9300
GS =0000 00000000 ffffffff 008f9300
LDT=0000 00000000 0000ffff 00008200
TR =0000 00000000 0000ffff 00008b00
GDT=     00000000 00000000
IDT=     00000000 000003ff
CR0=00000010 CR2=00000000 CR3=00000000 CR4=00000000
DR0=0000000000000000 DR1=0000000000000000 DR2=0000000000000000 DR3=0000000000000000 
DR6=00000000ffff0ff0 DR7=0000000000000400
CCS=00000004 CCD=00006c78 CCO=EFLAGS
EFER=0000000000000000
SMM: after RSM
EAX=000000b5 EBX=000f7d6b ECX=00001234 EDX=00006cff
ESI=00006cb8 EDI=07fbecc0 EBP=00006c78 ESP=00006c78
EIP=000f7d6b EFL=00000002 [-------] CPL=0 II=0 A20=1 SMM=0 HLT=0
ES =0010 00000000 ffffffff 00c09300 DPL=0 DS   [-WA]
CS =0008 00000000 ffffffff 00c09b00 DPL=0 CS32 [-RA]
SS =0010 00000000 ffffffff 00c09300 DPL=0 DS   [-WA]
DS =0010 00000000 ffffffff 00c09300 DPL=0 DS   [-WA]
FS =0010 00000000 ffffffff 00c09300 DPL=0 DS   [-WA]
GS =0010 00000000 ffffffff 00c09300 DPL=0 DS   [-WA]
LDT=0000 00000000 0000ffff 00008200 DPL=0 LDT
TR =0000 00000000 0000ffff 00008b00 DPL=0 TSS32-busy
GDT=     000f6180 00000037
IDT=     000f61be 00000000
CR0=00000011 CR2=00000000 CR3=00000000 CR4=00000000
DR0=0000000000000000 DR1=0000000000000000 DR2=0000000000000000 DR3=0000000000000000 
DR6=00000000ffff0ff0 DR7=0000000000000400
CCS=00000000 CCD=00000000 CCO=EFLAGS
EFER=0000000000000000
SMM: enter
EAX=000000b5 EBX=00007d85 ECX=00005678 EDX=07fa9050
ESI=000e8c80 EDI=07fbecc0 EBP=00006c78 ESP=00006c78
EIP=000f7d84 EFL=00000012 [----A--] CPL=0 II=0 A20=1 SMM=0 HLT=0
ES =0010 00000000 ffffffff 00c09300 DPL=0 DS   [-WA]
CS =0008 00000000 ffffffff 00c09b00 DPL=0 CS32 [-RA]
SS =0010 00000000 ffffffff 00c09300 DPL=0 DS   [-WA]
DS =0010 00000000 ffffffff 00c09300 DPL=0 DS   [-WA]
FS =0010 00000000 ffffffff 00c09300 DPL=0 DS   [-WA]
GS =0010 00000000 ffffffff 00c09300 DPL=0 DS   [-WA]
LDT=0000 00000000 0000ffff 00008200 DPL=0 LDT
TR =0000 00000000 0000ffff 00008b00 DPL=0 TSS32-busy
GDT=     000f6180 00000037
IDT=     000f61be 00000000
CR0=00000011 CR2=00000000 CR3=00000000 CR4=00000000
DR0=0000000000000000 DR1=0000000000000000 DR2=0000000000000000 DR3=0000000000000000 
DR6=00000000ffff0ff0 DR7=0000000000000400
CCS=00000010 CCD=00006c64 CCO=EFLAGS
EFER=0000000000000000
SMM: after RSM
EAX=000000b5 EBX=00007d85 ECX=00005678 EDX=07fa9050
ESI=000e8c80 EDI=07fbecc0 EBP=00006c78 ESP=00006c78
EIP=00007d85 EFL=00000006 [-----P-] CPL=0 II=0 A20=1 SMM=0 HLT=0
ES =d980 000d9800 ffffffff 00809300
CS =f000 000f0000 ffffffff 00809b00
SS =0000 00000000 ffffffff 00809300
DS =0000 00000000 ffffffff 00809300
FS =0000 00000000 ffffffff 00809300
GS =0000 00000000 ffffffff 00809300
LDT=0000 00000000 0000ffff 00008200
TR =0000 00000000 0000ffff 00008b00
GDT=     00000000 00000000
IDT=     00000000 000003ff
CR0=00000010 CR2=00000000 CR3=00000000 CR4=00000000
DR0=0000000000000000 DR1=0000000000000000 DR2=0000000000000000 DR3=0000000000000000 
DR6=00000000ffff0ff0 DR7=0000000000000400
CCS=00000004 CCD=00000001 CCO=EFLAGS
EFER=0000000000000000
Servicing hardware INT=0x08
SMM: enter
EAX=000000b5 EBX=000f7d6b ECX=00001234 EDX=000069ff
ESI=0000699e EDI=07fbecc0 EBP=0000695e ESP=0000695e
EIP=00007d6a EFL=00000002 [-------] CPL=0 II=0 A20=1 SMM=0 HLT=0
ES =d980 000d9800 ffffffff 008f9300
CS =f000 000f0000 ffffffff 008f9b00
SS =0000 00000000 ffffffff 008f9300
DS =0000 00000000 ffffffff 008f9300
FS =0000 00000000 ffffffff 008f9300
GS =ca00 000ca000 ffffffff 008f9300
LDT=0000 00000000 0000ffff 00008200
TR =0000 00000000 0000ffff 00008b00
GDT=     00000000 00000000
IDT=     00000000 000003ff
CR0=00000010 CR2=00000000 CR3=00000000 CR4=00000000
DR0=0000000000000000 DR1=0000000000000000 DR2=0000000000000000 DR3=0000000000000000 
DR6=00000000ffff0ff0 DR7=0000000000000400
CCS=00000000 CCD=0000695e CCO=EFLAGS
EFER=0000000000000000
SMM: after RSM
EAX=000000b5 EBX=000f7d6b ECX=00001234 EDX=000069ff
ESI=0000699e EDI=07fbecc0 EBP=0000695e ESP=0000695e
EIP=000f7d6b EFL=00000002 [-------] CPL=0 II=0 A20=1 SMM=0 HLT=0
ES =0010 00000000 ffffffff 00c09300 DPL=0 DS   [-WA]
CS =0008 00000000 ffffffff 00c09b00 DPL=0 CS32 [-RA]
SS =0010 00000000 ffffffff 00c09300 DPL=0 DS   [-WA]
DS =0010 00000000 ffffffff 00c09300 DPL=0 DS   [-WA]
FS =0010 00000000 ffffffff 00c09300 DPL=0 DS   [-WA]
GS =0010 00000000 ffffffff 00c09300 DPL=0 DS   [-WA]
LDT=0000 00000000 0000ffff 00008200 DPL=0 LDT
TR =0000 00000000 0000ffff 00008b00 DPL=0 TSS32-busy
GDT=     000f6180 00000037
IDT=     000f61be 00000000
CR0=00000011 CR2=00000000 CR3=00000000 CR4=00000000
DR0=0000000000000000 DR1=0000000000000000 DR2=0000000000000000 DR3=0000000000000000 
DR6=00000000ffff0ff0 DR7=0000000000000400
CCS=00000000 CCD=00000000 CCO=EFLAGS
EFER=0000000000000000
SMM: enter
EAX=000000b5 EBX=00007d85 ECX=00005678 EDX=00000005
ESI=00000000 EDI=07fbecc0 EBP=0000695e ESP=0000695e
EIP=000f7d84 EFL=00000012 [----A--] CPL=0 II=0 A20=1 SMM=0 HLT=0
ES =0010 00000000 ffffffff 00c09300 DPL=0 DS   [-WA]
CS =0008 00000000 ffffffff 00c09b00 DPL=0 CS32 [-RA]
SS =0010 00000000 ffffffff 00c09300 DPL=0 DS   [-WA]
DS =0010 00000000 ffffffff 00c09300 DPL=0 DS   [-WA]
FS =0010 00000000 ffffffff 00c09300 DPL=0 DS   [-WA]
GS =0010 00000000 ffffffff 00c09300 DPL=0 DS   [-WA]
LDT=0000 00000000 0000ffff 00008200 DPL=0 LDT
TR =0000 00000000 0000ffff 00008b00 DPL=0 TSS32-busy
GDT=     000f6180 00000037
IDT=     000f61be 00000000
CR0=00000011 CR2=00000000 CR3=00000000 CR4=00000000
DR0=0000000000000000 DR1=0000000000000000 DR2=0000000000000000 DR3=0000000000000000 
DR6=00000000ffff0ff0 DR7=0000000000000400
CCS=00000010 CCD=0000694a CCO=EFLAGS
EFER=0000000000000000
SMM: after RSM
EAX=000000b5 EBX=00007d85 ECX=00005678 EDX=00000005
ESI=00000000 EDI=07fbecc0 EBP=0000695e ESP=0000695e
EIP=00007d85 EFL=00000002 [-------] CPL=0 II=0 A20=1 SMM=0 HLT=0
ES =d980 000d9800 ffffffff 00809300
CS =f000 000f0000 ffffffff 00809b00
SS =0000 00000000 ffffffff 00809300
DS =0000 00000000 ffffffff 00809300
FS =0000 00000000 ffffffff 00809300
GS =ca00 000ca000 ffffffff 00809300
LDT=0000 00000000 0000ffff 00008200
TR =0000 00000000 0000ffff 00008b00
GDT=     00000000 00000000
IDT=     00000000 000003ff
CR0=00000010 CR2=00000000 CR3=00000000 CR4=00000000
DR0=0000000000000000 DR1=0000000000000000 DR2=0000000000000000 DR3=0000000000000000 
DR6=00000000ffff0ff0 DR7=0000000000000400
CCS=00000000 CCD=00000001 CCO=EFLAGS
EFER=0000000000000000
Servicing hardware INT=0x08
SMM: enter
EAX=000000b5 EBX=000f7d6b ECX=00001234 EDX=000069ff
ESI=00006998 EDI=07fbecc0 EBP=00006958 ESP=00006958
EIP=00007d6a EFL=00000002 [-------] CPL=0 II=0 A20=1 SMM=0 HLT=0
ES =d980 000d9800 ffffffff 00809300
CS =f000 000f0000 ffffffff 00809b00
SS =0000 00000000 ffffffff 00809300
DS =0000 00000000 ffffffff 00809300
FS =0000 00000000 ffffffff 00809300
GS =ca00 000ca000 ffffffff 00809300
LDT=0000 00000000 0000ffff 00008200
TR =0000 00000000 0000ffff 00008b00
GDT=     00000000 00000000
IDT=     00000000 000003ff
CR0=00000010 CR2=00000000 CR3=00000000 CR4=00000000
DR0=0000000000000000 DR1=0000000000000000 DR2=0000000000000000 DR3=0000000000000000 
DR6=00000000ffff0ff0 DR7=0000000000000400
CCS=00000000 CCD=00006958 CCO=EFLAGS
EFER=0000000000000000
SMM: after RSM
EAX=000000b5 EBX=000f7d6b ECX=00001234 EDX=000069ff
ESI=00006998 EDI=07fbecc0 EBP=00006958 ESP=00006958
EIP=000f7d6b EFL=00000002 [-------] CPL=0 II=0 A20=1 SMM=0 HLT=0
ES =0010 00000000 ffffffff 00c09300 DPL=0 DS   [-WA]
CS =0008 00000000 ffffffff 00c09b00 DPL=0 CS32 [-RA]
SS =0010 00000000 ffffffff 00c09300 DPL=0 DS   [-WA]
DS =0010 00000000 ffffffff 00c09300 DPL=0 DS   [-WA]
FS =0010 00000000 ffffffff 00c09300 DPL=0 DS   [-WA]
GS =0010 00000000 ffffffff 00c09300 DPL=0 DS   [-WA]
LDT=0000 00000000 0000ffff 00008200 DPL=0 LDT
TR =0000 00000000 0000ffff 00008b00 DPL=0 TSS32-busy
GDT=     000f6180 00000037
IDT=     000f61be 00000000
CR0=00000011 CR2=00000000 CR3=00000000 CR4=00000000
DR0=0000000000000000 DR1=0000000000000000 DR2=0000000000000000 DR3=0000000000000000 
DR6=00000000ffff0ff0 DR7=0000000000000400
CCS=00000000 CCD=00000000 CCO=EFLAGS
EFER=0000000000000000
SMM: enter
EAX=000000b5 EBX=00007d85 ECX=00005678 EDX=00000003
ESI=07f91420 EDI=07fbecc0 EBP=00006958 ESP=00006958
EIP=000f7d84 EFL=00000016 [----AP-] CPL=0 II=0 A20=1 SMM=0 HLT=0
ES =0010 00000000 ffffffff 00c09300 DPL=0 DS   [-WA]
CS =0008 00000000 ffffffff 00c09b00 DPL=0 CS32 [-RA]
SS =0010 00000000 ffffffff 00c09300 DPL=0 DS   [-WA]
DS =0010 00000000 ffffffff 00c09300 DPL=0 DS   [-WA]
FS =0010 00000000 ffffffff 00c09300 DPL=0 DS   [-WA]
GS =0010 00000000 ffffffff 00c09300 DPL=0 DS   [-WA]
LDT=0000 00000000 0000ffff 00008200 DPL=0 LDT
TR =0000 00000000 0000ffff 00008b00 DPL=0 TSS32-busy
GDT=     000f6180 00000037
IDT=     000f61be 00000000
CR0=00000011 CR2=00000000 CR3=00000000 CR4=00000000
DR0=0000000000000000 DR1=0000000000000000 DR2=0000000000000000 DR3=0000000000000000 
DR6=00000000ffff0ff0 DR7=0000000000000400
CCS=00000014 CCD=00006944 CCO=EFLAGS
EFER=0000000000000000
SMM: after RSM
EAX=000000b5 EBX=00007d85 ECX=00005678 EDX=00000003
ESI=07f91420 EDI=07fbecc0 EBP=00006958 ESP=00006958
EIP=00007d85 EFL=00000002 [-------] CPL=0 II=0 A20=1 SMM=0 HLT=0
ES =d980 000d9800 ffffffff 00809300
CS =f000 000f0000 ffffffff 00809b00
SS =0000 00000000 ffffffff 00809300
DS =0000 00000000 ffffffff 00809300
FS =0000 00000000 ffffffff 00809300
GS =ca00 000ca000 ffffffff 00809300
LDT=0000 00000000 0000ffff 00008200
TR =0000 00000000 0000ffff 00008b00
GDT=     00000000 00000000
IDT=     00000000 000003ff
CR0=00000010 CR2=00000000 CR3=00000000 CR4=00000000
DR0=0000000000000000 DR1=0000000000000000 DR2=0000000000000000 DR3=0000000000000000 
DR6=00000000ffff0ff0 DR7=0000000000000400
CCS=00000000 CCD=00000001 CCO=EFLAGS
EFER=0000000000000000
Servicing hardware INT=0x08
SMM: enter
EAX=000000b5 EBX=000f7d6b ECX=00001234 EDX=000069ff
ESI=0000699e EDI=07fbecc0 EBP=0000695e ESP=0000695e
EIP=00007d6a EFL=00000002 [-------] CPL=0 II=0 A20=1 SMM=0 HLT=0
ES =d980 000d9800 ffffffff 00809300
CS =f000 000f0000 ffffffff 00809b00
SS =0000 00000000 ffffffff 00809300
DS =0000 00000000 ffffffff 00809300
FS =0000 00000000 ffffffff 00809300
GS =ca00 000ca000 ffffffff 00809300
LDT=0000 00000000 0000ffff 00008200
TR =0000 00000000 0000ffff 00008b00
GDT=     00000000 00000000
IDT=     00000000 000003ff
CR0=00000010 CR2=00000000 CR3=00000000 CR4=00000000
DR0=0000000000000000 DR1=0000000000000000 DR2=0000000000000000 DR3=0000000000000000 
DR6=00000000ffff0ff0 DR7=0000000000000400
CCS=00000000 CCD=0000695e CCO=EFLAGS
EFER=0000000000000000
SMM: after RSM
EAX=000000b5 EBX=000f7d6b ECX=00001234 EDX=000069ff
ESI=0000699e EDI=07fbecc0 EBP=0000695e ESP=0000695e
EIP=000f7d6b EFL=00000002 [-------] CPL=0 II=0 A20=1 SMM=0 HLT=0
ES =0010 00000000 ffffffff 00c09300 DPL=0 DS   [-WA]
CS =0008 00000000 ffffffff 00c09b00 DPL=0 CS32 [-RA]
SS =0010 00000000 ffffffff 00c09300 DPL=0 DS   [-WA]
DS =0010 00000000 ffffffff 00c09300 DPL=0 DS   [-WA]
FS =0010 00000000 ffffffff 00c09300 DPL=0 DS   [-WA]
GS =0010 00000000 ffffffff 00c09300 DPL=0 DS   [-WA]
LDT=0000 00000000 0000ffff 00008200 DPL=0 LDT
TR =0000 00000000 0000ffff 00008b00 DPL=0 TSS32-busy
GDT=     000f6180 00000037
IDT=     000f61be 00000000
CR0=00000011 CR2=00000000 CR3=00000000 CR4=00000000
DR0=0000000000000000 DR1=0000000000000000 DR2=0000000000000000 DR3=0000000000000000 
DR6=00000000ffff0ff0 DR7=0000000000000400
CCS=00000000 CCD=00000000 CCO=EFLAGS
EFER=0000000000000000
SMM: enter
EAX=000000b5 EBX=00007d85 ECX=00005678 EDX=00000005
ESI=00000000 EDI=07fbecc0 EBP=0000695e ESP=0000695e
EIP=000f7d84 EFL=00000012 [----A--] CPL=0 II=0 A20=1 SMM=0 HLT=0
ES =0010 00000000 ffffffff 00c09300 DPL=0 DS   [-WA]
CS =0008 00000000 ffffffff 00c09b00 DPL=0 CS32 [-RA]
SS =0010 00000000 ffffffff 00c09300 DPL=0 DS   [-WA]
DS =0010 00000000 ffffffff 00c09300 DPL=0 DS   [-WA]
FS =0010 00000000 ffffffff 00c09300 DPL=0 DS   [-WA]
GS =0010 00000000 ffffffff 00c09300 DPL=0 DS   [-WA]
LDT=0000 00000000 0000ffff 00008200 DPL=0 LDT
TR =0000 00000000 0000ffff 00008b00 DPL=0 TSS32-busy
GDT=     000f6180 00000037
IDT=     000f61be 00000000
CR0=00000011 CR2=00000000 CR3=00000000 CR4=00000000
DR0=0000000000000000 DR1=0000000000000000 DR2=0000000000000000 DR3=0000000000000000 
DR6=00000000ffff0ff0 DR7=0000000000000400
CCS=00000010 CCD=0000694a CCO=EFLAGS
EFER=0000000000000000
SMM: after RSM
EAX=000000b5 EBX=00007d85 ECX=00005678 EDX=00000005
ESI=00000000 EDI=07fbecc0 EBP=0000695e ESP=0000695e
EIP=00007d85 EFL=00000002 [-------] CPL=0 II=0 A20=1 SMM=0 HLT=0
ES =d980 000d9800 ffffffff 00809300
CS =f000 000f0000 ffffffff 00809b00
SS =0000 00000000 ffffffff 00809300
DS =0000 00000000 ffffffff 00809300
FS =0000 00000000 ffffffff 00809300
GS =ca00 000ca000 ffffffff 00809300
LDT=0000 00000000 0000ffff 00008200
TR =0000 00000000 0000ffff 00008b00
GDT=     00000000 00000000
IDT=     00000000 000003ff
CR0=00000010 CR2=00000000 CR3=00000000 CR4=00000000
DR0=0000000000000000 DR1=0000000000000000 DR2=0000000000000000 DR3=0000000000000000 
DR6=00000000ffff0ff0 DR7=0000000000000400
CCS=00000000 CCD=00000001 CCO=EFLAGS
EFER=0000000000000000
Servicing hardware INT=0x08
Servicing hardware INT=0x08
SMM: enter
EAX=000000b5 EBX=000f7d6b ECX=00001234 EDX=000069ff
ESI=00006998 EDI=07fbecc0 EBP=00006958 ESP=00006958
EIP=00007d6a EFL=00000002 [-------] CPL=0 II=0 A20=1 SMM=0 HLT=0
ES =d980 000d9800 ffffffff 00809300
CS =f000 000f0000 ffffffff 00809b00
SS =0000 00000000 ffffffff 00809300
DS =0000 00000000 ffffffff 00809300
FS =0000 00000000 ffffffff 00809300
GS =ca00 000ca000 ffffffff 00809300
LDT=0000 00000000 0000ffff 00008200
TR =0000 00000000 0000ffff 00008b00
GDT=     00000000 00000000
IDT=     00000000 000003ff
CR0=00000010 CR2=00000000 CR3=00000000 CR4=00000000
DR0=0000000000000000 DR1=0000000000000000 DR2=0000000000000000 DR3=0000000000000000 
DR6=00000000ffff0ff0 DR7=0000000000000400
CCS=00000000 CCD=00006958 CCO=EFLAGS
EFER=0000000000000000
SMM: after RSM
EAX=000000b5 EBX=000f7d6b ECX=00001234 EDX=000069ff
ESI=00006998 EDI=07fbecc0 EBP=00006958 ESP=00006958
EIP=000f7d6b EFL=00000002 [-------] CPL=0 II=0 A20=1 SMM=0 HLT=0
ES =0010 00000000 ffffffff 00c09300 DPL=0 DS   [-WA]
CS =0008 00000000 ffffffff 00c09b00 DPL=0 CS32 [-RA]
SS =0010 00000000 ffffffff 00c09300 DPL=0 DS   [-WA]
DS =0010 00000000 ffffffff 00c09300 DPL=0 DS   [-WA]
FS =0010 00000000 ffffffff 00c09300 DPL=0 DS   [-WA]
GS =0010 00000000 ffffffff 00c09300 DPL=0 DS   [-WA]
LDT=0000 00000000 0000ffff 00008200 DPL=0 LDT
TR =0000 00000000 0000ffff 00008b00 DPL=0 TSS32-busy
GDT=     000f6180 00000037
IDT=     000f61be 00000000
CR0=00000011 CR2=00000000 CR3=00000000 CR4=00000000
DR0=0000000000000000 DR1=0000000000000000 DR2=0000000000000000 DR3=0000000000000000 
DR6=00000000ffff0ff0 DR7=0000000000000400
CCS=00000000 CCD=00000000 CCO=EFLAGS
EFER=0000000000000000
SMM: enter
EAX=000000b5 EBX=00007d85 ECX=00005678 EDX=00000003
ESI=07ef1420 EDI=07fbecc0 EBP=00006958 ESP=00006958
EIP=000f7d84 EFL=00000016 [----AP-] CPL=0 II=0 A20=1 SMM=0 HLT=0
ES =0010 00000000 ffffffff 00c09300 DPL=0 DS   [-WA]
CS =0008 00000000 ffffffff 00c09b00 DPL=0 CS32 [-RA]
SS =0010 00000000 ffffffff 00c09300 DPL=0 DS   [-WA]
DS =0010 00000000 ffffffff 00c09300 DPL=0 DS   [-WA]
FS =0010 00000000 ffffffff 00c09300 DPL=0 DS   [-WA]
GS =0010 00000000 ffffffff 00c09300 DPL=0 DS   [-WA]
LDT=0000 00000000 0000ffff 00008200 DPL=0 LDT
TR =0000 00000000 0000ffff 00008b00 DPL=0 TSS32-busy
GDT=     000f6180 00000037
IDT=     000f61be 00000000
CR0=00000011 CR2=00000000 CR3=00000000 CR4=00000000
DR0=0000000000000000 DR1=0000000000000000 DR2=0000000000000000 DR3=0000000000000000 
DR6=00000000ffff0ff0 DR7=0000000000000400
CCS=00000014 CCD=00006944 CCO=EFLAGS
EFER=0000000000000000
SMM: after RSM
EAX=000000b5 EBX=00007d85 ECX=00005678 EDX=00000003
ESI=07ef1420 EDI=07fbecc0 EBP=00006958 ESP=00006958
EIP=00007d85 EFL=00000002 [-------] CPL=0 II=0 A20=1 SMM=0 HLT=0
ES =d980 000d9800 ffffffff 00809300
CS =f000 000f0000 ffffffff 00809b00
SS =0000 00000000 ffffffff 00809300
DS =0000 00000000 ffffffff 00809300
FS =0000 00000000 ffffffff 00809300
GS =ca00 000ca000 ffffffff 00809300
LDT=0000 00000000 0000ffff 00008200
TR =0000 00000000 0000ffff 00008b00
GDT=     00000000 00000000
IDT=     00000000 000003ff
CR0=00000010 CR2=00000000 CR3=00000000 CR4=00000000
DR0=0000000000000000 DR1=0000000000000000 DR2=0000000000000000 DR3=0000000000000000 
DR6=00000000ffff0ff0 DR7=0000000000000400
CCS=00000000 CCD=00000001 CCO=EFLAGS
EFER=0000000000000000
Servicing hardware INT=0x08
Servicing hardware INT=0x08
Servicing hardware INT=0x08
Servicing hardware INT=0x08
Servicing hardware INT=0x08
Servicing hardware INT=0x08
Servicing hardware INT=0x08
Servicing hardware INT=0x08
Servicing hardware INT=0x08
Servicing hardware INT=0x08
Servicing hardware INT=0x08
Servicing hardware INT=0x08
Servicing hardware INT=0x08
Servicing hardware INT=0x08
Servicing hardware INT=0x08
Servicing hardware INT=0x08
Servicing hardware INT=0x08
Servicing hardware INT=0x08
Servicing hardware INT=0x08
Servicing hardware INT=0x08
Servicing hardware INT=0x08
Servicing hardware INT=0x08
Servicing hardware INT=0x08
Servicing hardware INT=0x08
Servicing hardware INT=0x08
Servicing hardware INT=0x08
Servicing hardware INT=0x08
Servicing hardware INT=0x08
Servicing hardware INT=0x08
Servicing hardware INT=0x08
Servicing hardware INT=0x08
Servicing hardware INT=0x08
Servicing hardware INT=0x08
Servicing hardware INT=0x08
Servicing hardware INT=0x08
Servicing hardware INT=0x08
Servicing hardware INT=0x08
Servicing hardware INT=0x08
Servicing hardware INT=0x08
Servicing hardware INT=0x08
Servicing hardware INT=0x08
Servicing hardware INT=0x08
Servicing hardware INT=0x08
Servicing hardware INT=0x08
Servicing hardware INT=0x08
Servicing hardware INT=0x08
Servicing hardware INT=0x08
Servicing hardware INT=0x08
Servicing hardware INT=0x08
Servicing hardware INT=0x08
Servicing hardware INT=0x08
Servicing hardware INT=0x08
Servicing hardware INT=0x08
Servicing hardware INT=0x08
Servicing hardware INT=0x08
Servicing hardware INT=0x08
Servicing hardware INT=0x08
Servicing hardware INT=0x08
Servicing hardware INT=0x08
Servicing hardware INT=0x08
Servicing hardware INT=0x08
Servicing hardware INT=0x08
Servicing hardware INT=0x08
Servicing hardware INT=0x08
Servicing hardware INT=0x08
Servicing hardware INT=0x08
Servicing hardware INT=0x08
Servicing hardware INT=0x08
Servicing hardware INT=0x08
Servicing hardware INT=0x08
Servicing hardware INT=0x08
Servicing hardware INT=0x08
Servicing hardware INT=0x08
Servicing hardware INT=0x08
Servicing hardware INT=0x08
Servicing hardware INT=0x08
Servicing hardware INT=0x08
Servicing hardware INT=0x08
Servicing hardware INT=0x08
Servicing hardware INT=0x08
Servicing hardware INT=0x08
Servicing hardware INT=0x08
Servicing hardware INT=0x08
Servicing hardware INT=0x08
Servicing hardware INT=0x08
Servicing hardware INT=0x08
Servicing hardware INT=0x08
Servicing hardware INT=0x08
Servicing hardware INT=0x08
Servicing hardware INT=0x08
Servicing hardware INT=0x08
Servicing hardware INT=0x08
Servicing hardware INT=0x08
Servicing hardware INT=0x08
Servicing hardware INT=0x08
Servicing hardware INT=0x08
Servicing hardware INT=0x08
Servicing hardware INT=0x08
Servicing hardware INT=0x08
Servicing hardware INT=0x08
Servicing hardware INT=0x08
Servicing hardware INT=0x08
Servicing hardware INT=0x08
Servicing hardware INT=0x08
Servicing hardware INT=0x08
Servicing hardware INT=0x08
Servicing hardware INT=0x08
Servicing hardware INT=0x08
Servicing hardware INT=0x08
Servicing hardware INT=0x08
Servicing hardware INT=0x08
Servicing hardware INT=0x08
Servicing hardware INT=0x08
Servicing hardware INT=0x08
Servicing hardware INT=0x08
Servicing hardware INT=0x08
Servicing hardware INT=0x08
Servicing hardware INT=0x08
Servicing hardware INT=0x08
Servicing hardware INT=0x08
Servicing hardware INT=0x08
Servicing hardware INT=0x08
Servicing hardware INT=0x08
Servicing hardware INT=0x08
Servicing hardware INT=0x08
Servicing hardware INT=0x08
Servicing hardware INT=0x08
Servicing hardware INT=0x08
Servicing hardware INT=0x08
Servicing hardware INT=0x08
Servicing hardware INT=0x08
Servicing hardware INT=0x08
Servicing hardware INT=0x08
Servicing hardware INT=0x08
Servicing hardware INT=0x08
Servicing hardware INT=0x08
Servicing hardware INT=0x08
Servicing hardware INT=0x08
Servicing hardware INT=0x08
Servicing hardware INT=0x08
Servicing hardware INT=0x08
Servicing hardware INT=0x08
Servicing hardware INT=0x08
Servicing hardware INT=0x08
Servicing hardware INT=0x08
Servicing hardware INT=0x08
Servicing hardware INT=0x08
Servicing hardware INT=0x08
Servicing hardware INT=0x08
Servicing hardware INT=0x08
Servicing hardware INT=0x08
Servicing hardware INT=0x08
Servicing hardware INT=0x08
Servicing hardware INT=0x08
Servicing hardware INT=0x08
Servicing hardware INT=0x08
Servicing hardware INT=0x08
Servicing hardware INT=0x08
Servicing hardware INT=0x08
Servicing hardware INT=0x08
Servicing hardware INT=0x08
Servicing hardware INT=0x08
Servicing hardware INT=0x08
Servicing hardware INT=0x08
Servicing hardware INT=0x08
Servicing hardware INT=0x08
Servicing hardware INT=0x08
Servicing hardware INT=0x08
Servicing hardware INT=0x08
Servicing hardware INT=0x08
Servicing hardware INT=0x08
Servicing hardware INT=0x08
Servicing hardware INT=0x08
Servicing hardware INT=0x08
Servicing hardware INT=0x08
Servicing hardware INT=0x08
Servicing hardware INT=0x08
Servicing hardware INT=0x08
Servicing hardware INT=0x08
Servicing hardware INT=0x08
Servicing hardware INT=0x08
Servicing hardware INT=0x08
Servicing hardware INT=0x08
Servicing hardware INT=0x08
Servicing hardware INT=0x08
Servicing hardware INT=0x08
Servicing hardware INT=0x08
Servicing hardware INT=0x08
Servicing hardware INT=0x08
Servicing hardware INT=0x08
Servicing hardware INT=0x08
Servicing hardware INT=0x08
Servicing hardware INT=0x08
Servicing hardware INT=0x08
Servicing hardware INT=0x08
Servicing hardware INT=0x08
Servicing hardware INT=0x08
Servicing hardware INT=0x08
Servicing hardware INT=0x08
Servicing hardware INT=0x08
Servicing hardware INT=0x08
Servicing hardware INT=0x08
Servicing hardware INT=0x08
Servicing hardware INT=0x08
Servicing hardware INT=0x08
Servicing hardware INT=0x08
Servicing hardware INT=0x08
Servicing hardware INT=0x08
Servicing hardware INT=0x08
Servicing hardware INT=0x08
Servicing hardware INT=0x08
Servicing hardware INT=0x08
Servicing hardware INT=0x08
Servicing hardware INT=0x08
Servicing hardware INT=0x08
Servicing hardware INT=0x08
Servicing hardware INT=0x08
Servicing hardware INT=0x08
Servicing hardware INT=0x08
Servicing hardware INT=0x08
Servicing hardware INT=0x08
Servicing hardware INT=0x08
Servicing hardware INT=0x08
Servicing hardware INT=0x08
Servicing hardware INT=0x08
Servicing hardware INT=0x08
Servicing hardware INT=0x08
Servicing hardware INT=0x08
Servicing hardware INT=0x08
Servicing hardware INT=0x08
Servicing hardware INT=0x08
Servicing hardware INT=0x08
Servicing hardware INT=0x08
Servicing hardware INT=0x08
Servicing hardware INT=0x08
Servicing hardware INT=0x08
Servicing hardware INT=0x08
Servicing hardware INT=0x08
Servicing hardware INT=0x08
Servicing hardware INT=0x08
Servicing hardware INT=0x08
Servicing hardware INT=0x08
Servicing hardware INT=0x08
Servicing hardware INT=0x08
Servicing hardware INT=0x08
Servicing hardware INT=0x08
Servicing hardware INT=0x08
Servicing hardware INT=0x08
Servicing hardware INT=0x08
Servicing hardware INT=0x08
Servicing hardware INT=0x08
Servicing hardware INT=0x08
Servicing hardware INT=0x08
Servicing hardware INT=0x08
Servicing hardware INT=0x08
Servicing hardware INT=0x08
Servicing hardware INT=0x08
Servicing hardware INT=0x08
Servicing hardware INT=0x08
Servicing hardware INT=0x08
Servicing hardware INT=0x08
Servicing hardware INT=0x08
Servicing hardware INT=0x08
Servicing hardware INT=0x08
Servicing hardware INT=0x08
Servicing hardware INT=0x08
Servicing hardware INT=0x08
Servicing hardware INT=0x08
Servicing hardware INT=0x08
Servicing hardware INT=0x08
Servicing hardware INT=0x08
Servicing hardware INT=0x08
Servicing hardware INT=0x08
Servicing hardware INT=0x08
Servicing hardware INT=0x08
Servicing hardware INT=0x08
Servicing hardware INT=0x08
Servicing hardware INT=0x08
Servicing hardware INT=0x08
Servicing hardware INT=0x08
Servicing hardware INT=0x08
Servicing hardware INT=0x08
Servicing hardware INT=0x08
Servicing hardware INT=0x08
Servicing hardware INT=0x08
Servicing hardware INT=0x08
Servicing hardware INT=0x08
Servicing hardware INT=0x08
Servicing hardware INT=0x08
Servicing hardware INT=0x08
Servicing hardware INT=0x08
Servicing hardware INT=0x08
Servicing hardware INT=0x08
Servicing hardware INT=0x08
Servicing hardware INT=0x08
Servicing hardware INT=0x08
Servicing hardware INT=0x08
Servicing hardware INT=0x08
Servicing hardware INT=0x08
Servicing hardware INT=0x08
Servicing hardware INT=0x08
Servicing hardware INT=0x08
Servicing hardware INT=0x08
Servicing hardware INT=0x08
Servicing hardware INT=0x08
Servicing hardware INT=0x08
Servicing hardware INT=0x08
Servicing hardware INT=0x08
Servicing hardware INT=0x08
Servicing hardware INT=0x20
     0: v=20 e=0000 i=0 cpl=0 IP=0008:0000008000081f12 pc=0000008000081f12 SP=0000:0000010000014330 env->regs[R_EAX]=0000000000000017
RAX=0000000000000017 RBX=0000000000004f98 RCX=00000080002837d8 RDX=0000020001589440
RSI=0000020001589440 RDI=00000080002837d8 RBP=0000000000000000 RSP=0000010000014330
R8 =0000010000014d40 R9 =0000000000000003 R10=0000010000014d40 R11=00000000001524e8
R12=0000000000006288 R13=0000000000007608 R14=0000028000000000 R15=00000000000077d8
RIP=0000008000081f12 RFL=00000297 [--S-APC] CPL=0 II=0 A20=1 SMM=0 HLT=0
ES =0010 0000000000000000 ffffffff 00cf9300 DPL=0 DS   [-WA]
CS =0008 0000000000000000 ffffffff 00af9b00 DPL=0 CS64 [-RA]
SS =0000 0000000000000000 00000000 00000000
DS =0010 0000000000000000 ffffffff 00cf9300 DPL=0 DS   [-WA]
FS =0000 0000000000000000 0000ffff 00009300 DPL=0 DS   [-WA]
GS =0000 0000000000000000 0000ffff 00009300 DPL=0 DS   [-WA]
LDT=0000 0000000000000000 0000ffff 00008200 DPL=0 LDT
TR =0010 00000080002b4e30 00000067 00008900 DPL=0 TSS64-avl
GDT=     00000080002b4ea0 0000001f
IDT=     00000080002b4f20 00000fff
CR0=80010011 CR2=0000000000000000 CR3=0000000001589000 CR4=00000020
DR0=0000000000000000 DR1=0000000000000000 DR2=0000000000000000 DR3=0000000000000000 
DR6=00000000ffff0ff0 DR7=0000000000000400
CCS=0000000000000095 CCD=ffffffffffffffff CCO=EFLAGS
EFER=0000000000000d00
Servicing hardware INT=0x20
     1: v=20 e=0000 i=0 cpl=0 IP=0008:0000008000095830 pc=0000008000095830 SP=0000:0000010000014988 env->regs[R_EAX]=0000008000095830
RAX=0000008000095830 RBX=0000000000004f98 RCX=0000000000000035 RDX=3333333333333333
RSI=0000010000014a68 RDI=00000100000149e0 RBP=0000000000000000 RSP=0000010000014988
R8 =0000008000283420 R9 =0000000000000003 R10=0000010000014d40 R11=00000000001524e8
R12=0000000000006288 R13=0000000000007608 R14=0000028000000000 R15=00000000000077d8
RIP=0000008000095830 RFL=00000206 [-----P-] CPL=0 II=0 A20=1 SMM=0 HLT=0
ES =0010 0000000000000000 ffffffff 00cf9300 DPL=0 DS   [-WA]
CS =0008 0000000000000000 ffffffff 00af9b00 DPL=0 CS64 [-RA]
SS =0000 0000000000000000 ffffffff 00c09300 DPL=0 DS   [-WA]
DS =0010 0000000000000000 ffffffff 00cf9300 DPL=0 DS   [-WA]
FS =0000 0000000000000000 0000ffff 00009300 DPL=0 DS   [-WA]
GS =0000 0000000000000000 0000ffff 00009300 DPL=0 DS   [-WA]
LDT=0000 0000000000000000 0000ffff 00008200 DPL=0 LDT
TR =0010 00000080002b4e30 00000067 00008900 DPL=0 TSS64-avl
GDT=     00000080002b4ea0 0000001f
IDT=     00000080002b4f20 00000fff
CR0=80010011 CR2=0000000000000000 CR3=0000000001589000 CR4=00000020
DR0=0000000000000000 DR1=0000000000000000 DR2=0000000000000000 DR3=0000000000000000 
DR6=00000000ffff0ff0 DR7=0000000000000400
CCS=0000000000000004 CCD=0000010000014988 CCO=EFLAGS
EFER=0000000000000d00
Servicing hardware INT=0x20
     2: v=20 e=0000 i=0 cpl=0 IP=0008:000000800027471f pc=000000800027471f SP=0000:00000100000148f0 env->regs[R_EAX]=0000000001677000
RAX=0000000001677000 RBX=0000000000004f98 RCX=fffffffffffff000 RDX=3333333333333333
RSI=0000000000001000 RDI=0000000001677000 RBP=0000000000000000 RSP=00000100000148f0
R8 =0000008000283420 R9 =0000000000000003 R10=0000010000014d40 R11=00000000001524e8
R12=0000000000006288 R13=0000000000007608 R14=0000028000000000 R15=00000000000077d8
RIP=000000800027471f RFL=00000206 [-----P-] CPL=0 II=0 A20=1 SMM=0 HLT=0
ES =0010 0000000000000000 ffffffff 00cf9300 DPL=0 DS   [-WA]
CS =0008 0000000000000000 ffffffff 00af9b00 DPL=0 CS64 [-RA]
SS =0000 0000000000000000 ffffffff 00c09300 DPL=0 DS   [-WA]
DS =0010 0000000000000000 ffffffff 00cf9300 DPL=0 DS   [-WA]
FS =0000 0000000000000000 0000ffff 00009300 DPL=0 DS   [-WA]
GS =0000 0000000000000000 0000ffff 00009300 DPL=0 DS   [-WA]
LDT=0000 0000000000000000 0000ffff 00008200 DPL=0 LDT
TR =0010 00000080002b4e30 00000067 00008900 DPL=0 TSS64-avl
GDT=     00000080002b4ea0 0000001f
IDT=     00000080002b4f20 00000fff
CR0=80010011 CR2=0000000000000000 CR3=0000000001589000 CR4=00000020
DR0=0000000000000000 DR1=0000000000000000 DR2=0000000000000000 DR3=0000000000000000 
DR6=00000000ffff0ff0 DR7=0000000000000400
CCS=0000000000000004 CCD=00000100000148e8 CCO=EFLAGS
EFER=0000000000000d00
Servicing hardware INT=0x20
     3: v=20 e=0000 i=0 cpl=0 IP=0008:00000080000959a7 pc=00000080000959a7 SP=0000:0000010000014990 env->regs[R_EAX]=0000000000000112
RAX=0000000000000112 RBX=0000000000004f98 RCX=0000000000000001 RDX=3333333333333333
RSI=0000000000000001 RDI=0000000000000112 RBP=0000000000000000 RSP=0000010000014990
R8 =0000008000283420 R9 =0000000000000003 R10=0000010000014d40 R11=00000000001524e8
R12=0000000000006288 R13=0000000000007608 R14=0000028000000000 R15=00000000000077d8
RIP=00000080000959a7 RFL=00000206 [-----P-] CPL=0 II=0 A20=1 SMM=0 HLT=0
ES =0010 0000000000000000 ffffffff 00cf9300 DPL=0 DS   [-WA]
CS =0008 0000000000000000 ffffffff 00af9b00 DPL=0 CS64 [-RA]
SS =0000 0000000000000000 ffffffff 00c09300 DPL=0 DS   [-WA]
DS =0010 0000000000000000 ffffffff 00cf9300 DPL=0 DS   [-WA]
FS =0000 0000000000000000 0000ffff 00009300 DPL=0 DS   [-WA]
GS =0000 0000000000000000 0000ffff 00009300 DPL=0 DS   [-WA]
LDT=0000 0000000000000000 0000ffff 00008200 DPL=0 LDT
TR =0010 00000080002b4e30 00000067 00008900 DPL=0 TSS64-avl
GDT=     00000080002b4ea0 0000001f
IDT=     00000080002b4f20 00000fff
CR0=80010011 CR2=0000000000000000 CR3=0000000001589000 CR4=00000020
DR0=0000000000000000 DR1=0000000000000000 DR2=0000000000000000 DR3=0000000000000000 
DR6=00000000ffff0ff0 DR7=0000000000000400
CCS=0000000000000004 CCD=0000010000014988 CCO=EFLAGS
EFER=0000000000000d00
Servicing hardware INT=0x20
     4: v=20 e=0000 i=0 cpl=0 IP=0008:0000008000095c70 pc=0000008000095c70 SP=0000:0000010000014938 env->regs[R_EAX]=0000008000095c70
RAX=0000008000095c70 RBX=0000000000004f98 RCX=000000000000003f RDX=3333333333333333
RSI=0000010000014a68 RDI=0000010000014a68 RBP=0000000000000000 RSP=0000010000014938
R8 =0000008000283420 R9 =0000000000000003 R10=0000010000014d40 R11=00000000001524e8
R12=0000000000006288 R13=0000000000007608 R14=0000028000000000 R15=00000000000077d8
RIP=0000008000095c70 RFL=00000202 [-------] CPL=0 II=0 A20=1 SMM=0 HLT=0
ES =0010 0000000000000000 ffffffff 00cf9300 DPL=0 DS   [-WA]
CS =0008 0000000000000000 ffffffff 00af9b00 DPL=0 CS64 [-RA]
SS =0000 0000000000000000 ffffffff 00c09300 DPL=0 DS   [-WA]
DS =0010 0000000000000000 ffffffff 00cf9300 DPL=0 DS   [-WA]
FS =0000 0000000000000000 0000ffff 00009300 DPL=0 DS   [-WA]
GS =0000 0000000000000000 0000ffff 00009300 DPL=0 DS   [-WA]
LDT=0000 0000000000000000 0000ffff 00008200 DPL=0 LDT
TR =0010 00000080002b4e30 00000067 00008900 DPL=0 TSS64-avl
GDT=     00000080002b4ea0 0000001f
IDT=     00000080002b4f20 00000fff
CR0=80010011 CR2=0000000000000000 CR3=0000000001589000 CR4=00000020
DR0=0000000000000000 DR1=0000000000000000 DR2=0000000000000000 DR3=0000000000000000 
DR6=00000000ffff0ff0 DR7=0000000000000400
CCS=0000000000000000 CCD=0000010000014940 CCO=EFLAGS
EFER=0000000000000d00
Servicing hardware INT=0x20
     5: v=20 e=0000 i=0 cpl=0 IP=0008:00000080000820d0 pc=00000080000820d0 SP=0000:0000010000014418 env->regs[R_EAX]=00000080002835f8
RAX=00000080002835f8 RBX=0000000000004f98 RCX=0000000000000006 RDX=00000200015ef110
RSI=0000010000014d38 RDI=00000080002835f8 RBP=0000000000000000 RSP=0000010000014418
R8 =0000010000014d40 R9 =0000000000000003 R10=0000010000014d40 R11=00000000001524e8
R12=0000000000006288 R13=0000000000007608 R14=0000028000000000 R15=00000000000077d8
RIP=00000080000820d0 RFL=00000202 [-------] CPL=0 II=0 A20=1 SMM=0 HLT=0
ES =0010 0000000000000000 ffffffff 00cf9300 DPL=0 DS   [-WA]
CS =0008 0000000000000000 ffffffff 00af9b00 DPL=0 CS64 [-RA]
SS =0000 0000000000000000 ffffffff 00c09300 DPL=0 DS   [-WA]
DS =0010 0000000000000000 ffffffff 00cf9300 DPL=0 DS   [-WA]
FS =0000 0000000000000000 0000ffff 00009300 DPL=0 DS   [-WA]
GS =0000 0000000000000000 0000ffff 00009300 DPL=0 DS   [-WA]
LDT=0000 0000000000000000 0000ffff 00008200 DPL=0 LDT
TR =0010 00000080002b4e30 00000067 00008900 DPL=0 TSS64-avl
GDT=     00000080002b4ea0 0000001f
IDT=     00000080002b4f20 00000fff
CR0=80010011 CR2=0000000000000000 CR3=0000000001589000 CR4=00000020
DR0=0000000000000000 DR1=0000000000000000 DR2=0000000000000000 DR3=0000000000000000 
DR6=00000000ffff0ff0 DR7=0000000000000400
CCS=0000000000000000 CCD=00000080002835f8 CCO=EFLAGS
EFER=0000000000000d00
Servicing hardware INT=0x20
     6: v=20 e=0000 i=0 cpl=0 IP=0008:000000800008f1dc pc=000000800008f1dc SP=0000:0000010000014900 env->regs[R_EAX]=0000000001797000
RAX=0000000001797000 RBX=0000000000004f98 RCX=000fffffffffffff RDX=0000000001797000
RSI=0000000001797000 RDI=0000000001797000 RBP=0000000000000000 RSP=0000010000014900
R8 =0000008000283420 R9 =0000000000000003 R10=0000010000014d40 R11=00000000001524e8
R12=0000000000006288 R13=0000000000007608 R14=0000028000000000 R15=00000000000077d8
RIP=000000800008f1dc RFL=00000202 [-------] CPL=0 II=0 A20=1 SMM=0 HLT=0
ES =0010 0000000000000000 ffffffff 00cf9300 DPL=0 DS   [-WA]
CS =0008 0000000000000000 ffffffff 00af9b00 DPL=0 CS64 [-RA]
SS =0000 0000000000000000 ffffffff 00c09300 DPL=0 DS   [-WA]
DS =0010 0000000000000000 ffffffff 00cf9300 DPL=0 DS   [-WA]
FS =0000 0000000000000000 0000ffff 00009300 DPL=0 DS   [-WA]
GS =0000 0000000000000000 0000ffff 00009300 DPL=0 DS   [-WA]
LDT=0000 0000000000000000 0000ffff 00008200 DPL=0 LDT
TR =0010 00000080002b4e30 00000067 00008900 DPL=0 TSS64-avl
GDT=     00000080002b4ea0 0000001f
IDT=     00000080002b4f20 00000fff
CR0=80010011 CR2=0000000000000000 CR3=0000000001589000 CR4=00000020
DR0=0000000000000000 DR1=0000000000000000 DR2=0000000000000000 DR3=0000000000000000 
DR6=00000000ffff0ff0 DR7=0000000000000400
CCS=0000000000000000 CCD=00000100000148f8 CCO=EFLAGS
EFER=0000000000000d00
Servicing hardware INT=0x20
     7: v=20 e=0000 i=0 cpl=0 IP=0008:000000800008d01e pc=000000800008d01e SP=0000:00000100000148b0 env->regs[R_EAX]=00000000016a0000
RAX=00000000016a0000 RBX=0000000000004f98 RCX=000fffffffffffff RDX=00000000016a0000
RSI=00000000016a0000 RDI=00000000016a0000 RBP=0000000000000000 RSP=00000100000148b0
R8 =0000008000283420 R9 =0000000000000003 R10=0000010000014d40 R11=00000000001524e8
R12=0000000000006288 R13=0000000000007608 R14=0000028000000000 R15=00000000000077d8
RIP=000000800008d01e RFL=00000206 [-----P-] CPL=0 II=0 A20=1 SMM=0 HLT=0
ES =0010 0000000000000000 ffffffff 00cf9300 DPL=0 DS   [-WA]
CS =0008 0000000000000000 ffffffff 00af9b00 DPL=0 CS64 [-RA]
SS =0000 0000000000000000 ffffffff 00c09300 DPL=0 DS   [-WA]
DS =0010 0000000000000000 ffffffff 00cf9300 DPL=0 DS   [-WA]
FS =0000 0000000000000000 0000ffff 00009300 DPL=0 DS   [-WA]
GS =0000 0000000000000000 0000ffff 00009300 DPL=0 DS   [-WA]
LDT=0000 0000000000000000 0000ffff 00008200 DPL=0 LDT
TR =0010 00000080002b4e30 00000067 00008900 DPL=0 TSS64-avl
GDT=     00000080002b4ea0 0000001f
IDT=     00000080002b4f20 00000fff
CR0=80010011 CR2=0000000000000000 CR3=0000000001589000 CR4=00000020
DR0=0000000000000000 DR1=0000000000000000 DR2=0000000000000000 DR3=0000000000000000 
DR6=00000000ffff0ff0 DR7=0000000000000400
CCS=0000000000000004 CCD=00000000016a0000 CCO=EFLAGS
EFER=0000000000000d00
Servicing hardware INT=0x20
     8: v=20 e=0000 i=0 cpl=0 IP=0008:0000008000095830 pc=0000008000095830 SP=0000:0000010000014988 env->regs[R_EAX]=0000008000095830
RAX=0000008000095830 RBX=0000000000004f98 RCX=0000000000000112 RDX=3333333333333333
RSI=0000010000014a68 RDI=00000100000149e0 RBP=0000000000000000 RSP=0000010000014988
R8 =0000008000283420 R9 =0000000000000003 R10=0000010000014d40 R11=00000000001524e8
R12=0000000000006288 R13=0000000000007608 R14=0000028000000000 R15=00000000000077d8
RIP=0000008000095830 RFL=00000206 [-----P-] CPL=0 II=0 A20=1 SMM=0 HLT=0
ES =0010 0000000000000000 ffffffff 00cf9300 DPL=0 DS   [-WA]
CS =0008 0000000000000000 ffffffff 00af9b00 DPL=0 CS64 [-RA]
SS =0000 0000000000000000 ffffffff 00c09300 DPL=0 DS   [-WA]
DS =0010 0000000000000000 ffffffff 00cf9300 DPL=0 DS   [-WA]
FS =0000 0000000000000000 0000ffff 00009300 DPL=0 DS   [-WA]
GS =0000 0000000000000000 0000ffff 00009300 DPL=0 DS   [-WA]
LDT=0000 0000000000000000 0000ffff 00008200 DPL=0 LDT
TR =0010 00000080002b4e30 00000067 00008900 DPL=0 TSS64-avl
GDT=     00000080002b4ea0 0000001f
IDT=     00000080002b4f20 00000fff
CR0=80010011 CR2=0000000000000000 CR3=0000000001589000 CR4=00000020
DR0=0000000000000000 DR1=0000000000000000 DR2=0000000000000000 DR3=0000000000000000 
DR6=00000000ffff0ff0 DR7=0000000000000400
CCS=0000000000000004 CCD=0000010000014988 CCO=EFLAGS
EFER=0000000000000d00
Servicing hardware INT=0x20
     9: v=20 e=0000 i=0 cpl=0 IP=0008:0000008000095c7a pc=0000008000095c7a SP=0000:0000010000014930 env->regs[R_EAX]=0000000000000001
RAX=0000000000000001 RBX=0000000000004f98 RCX=0000000000000001 RDX=0000000001797000
RSI=0000000001798000 RDI=0000000000001000 RBP=0000000000000000 RSP=0000010000014930
R8 =0000008000283420 R9 =0000000000000003 R10=0000010000014d40 R11=00000000001524e8
R12=0000000000006288 R13=0000000000007608 R14=0000028000000000 R15=00000000000077d8
RIP=0000008000095c7a RFL=00000206 [-----P-] CPL=0 II=0 A20=1 SMM=0 HLT=0
ES =0010 0000000000000000 ffffffff 00cf9300 DPL=0 DS   [-WA]
CS =0008 0000000000000000 ffffffff 00af9b00 DPL=0 CS64 [-RA]
SS =0000 0000000000000000 ffffffff 00c09300 DPL=0 DS   [-WA]
DS =0010 0000000000000000 ffffffff 00cf9300 DPL=0 DS   [-WA]
FS =0000 0000000000000000 0000ffff 00009300 DPL=0 DS   [-WA]
GS =0000 0000000000000000 0000ffff 00009300 DPL=0 DS   [-WA]
LDT=0000 0000000000000000 0000ffff 00008200 DPL=0 LDT
TR =0010 00000080002b4e30 00000067 00008900 DPL=0 TSS64-avl
GDT=     00000080002b4ea0 0000001f
IDT=     00000080002b4f20 00000fff
CR0=80010011 CR2=0000000000000000 CR3=0000000001589000 CR4=00000020
DR0=0000000000000000 DR1=0000000000000000 DR2=0000000000000000 DR3=0000000000000000 
DR6=00000000ffff0ff0 DR7=0000000000000400
CCS=0000000000000004 CCD=0000010000014928 CCO=EFLAGS
EFER=0000000000000d00
Servicing hardware INT=0x20
    10: v=20 e=0000 i=0 cpl=0 IP=0008:000000800008f0f0 pc=000000800008f0f0 SP=0000:0000010000014938 env->regs[R_EAX]=000000800008f0f0
RAX=000000800008f0f0 RBX=0000000000004f98 RCX=0000008000095c70 RDX=000000000160a000
RSI=000000000160a000 RDI=0000010000014ab8 RBP=0000000000000000 RSP=0000010000014938
R8 =0000008000283420 R9 =0000000000000003 R10=0000010000014d40 R11=00000000001524e8
R12=0000000000006288 R13=0000000000007608 R14=0000028000000000 R15=00000000000077d8
RIP=000000800008f0f0 RFL=00000202 [-------] CPL=0 II=0 A20=1 SMM=0 HLT=0
ES =0010 0000000000000000 ffffffff 00cf9300 DPL=0 DS   [-WA]
CS =0008 0000000000000000 ffffffff 00af9b00 DPL=0 CS64 [-RA]
SS =0000 0000000000000000 ffffffff 00c09300 DPL=0 DS   [-WA]
DS =0010 0000000000000000 ffffffff 00cf9300 DPL=0 DS   [-WA]
FS =0000 0000000000000000 0000ffff 00009300 DPL=0 DS   [-WA]
GS =0000 0000000000000000 0000ffff 00009300 DPL=0 DS   [-WA]
LDT=0000 0000000000000000 0000ffff 00008200 DPL=0 LDT
TR =0010 00000080002b4e30 00000067 00008900 DPL=0 TSS64-avl
GDT=     00000080002b4ea0 0000001f
IDT=     00000080002b4f20 00000fff
CR0=80010011 CR2=0000000000000000 CR3=0000000001589000 CR4=00000020
DR0=0000000000000000 DR1=0000000000000000 DR2=0000000000000000 DR3=0000000000000000 
DR6=00000000ffff0ff0 DR7=0000000000000400
CCS=0000000000000000 CCD=0000000000000001 CCO=EFLAGS
EFER=0000000000000d00
Servicing hardware INT=0x20
    11: v=20 e=0000 i=0 cpl=0 IP=0008:0000008000274030 pc=0000008000274030 SP=0000:00000100000148c8 env->regs[R_EAX]=0000008000274030
RAX=0000008000274030 RBX=0000000000004f98 RCX=000fffffffffffff RDX=00000000017cf000
RSI=0000008000299f58 RDI=0000000000001000 RBP=0000000000000000 RSP=00000100000148c8
R8 =0000008000283420 R9 =0000000000000003 R10=0000010000014d40 R11=00000000001524e8
R12=0000000000006288 R13=0000000000007608 R14=0000028000000000 R15=00000000000077d8
RIP=0000008000274030 RFL=00000202 [-------] CPL=0 II=0 A20=1 SMM=0 HLT=0
ES =0010 0000000000000000 ffffffff 00cf9300 DPL=0 DS   [-WA]
CS =0008 0000000000000000 ffffffff 00af9b00 DPL=0 CS64 [-RA]
SS =0000 0000000000000000 ffffffff 00c09300 DPL=0 DS   [-WA]
DS =0010 0000000000000000 ffffffff 00cf9300 DPL=0 DS   [-WA]
FS =0000 0000000000000000 0000ffff 00009300 DPL=0 DS   [-WA]
GS =0000 0000000000000000 0000ffff 00009300 DPL=0 DS   [-WA]
LDT=0000 0000000000000000 0000ffff 00008200 DPL=0 LDT
TR =0010 00000080002b4e30 00000067 00008900 DPL=0 TSS64-avl
GDT=     00000080002b4ea0 0000001f
IDT=     00000080002b4f20 00000fff
CR0=80010011 CR2=0000000000000000 CR3=0000000001589000 CR4=00000020
DR0=0000000000000000 DR1=0000000000000000 DR2=0000000000000000 DR3=0000000000000000 
DR6=00000000ffff0ff0 DR7=0000000000000400
CCS=0000000000000000 CCD=00000100000148d0 CCO=EFLAGS
EFER=0000000000000d00
Servicing hardware INT=0x20
    12: v=20 e=0000 i=0 cpl=0 IP=0008:0000008000081fc0 pc=0000008000081fc0 SP=0000:0000010000014318 env->regs[R_EAX]=0000008000283670
RAX=0000008000283670 RBX=0000000000004f98 RCX=0000000000000015 RDX=0000020001589440
RSI=0000020001589440 RDI=0000008000283670 RBP=0000000000000000 RSP=0000010000014318
R8 =0000010000014d40 R9 =0000000000000003 R10=0000010000014d40 R11=00000000001524e8
R12=0000000000006288 R13=0000000000007608 R14=0000028000000000 R15=00000000000077d8
RIP=0000008000081fc0 RFL=00000202 [-------] CPL=0 II=0 A20=1 SMM=0 HLT=0
ES =0010 0000000000000000 ffffffff 00cf9300 DPL=0 DS   [-WA]
CS =0008 0000000000000000 ffffffff 00af9b00 DPL=0 CS64 [-RA]
SS =0000 0000000000000000 ffffffff 00c09300 DPL=0 DS   [-WA]
DS =0010 0000000000000000 ffffffff 00cf9300 DPL=0 DS   [-WA]
FS =0000 0000000000000000 0000ffff 00009300 DPL=0 DS   [-WA]
GS =0000 0000000000000000 0000ffff 00009300 DPL=0 DS   [-WA]
LDT=0000 0000000000000000 0000ffff 00008200 DPL=0 LDT
TR =0010 00000080002b4e30 00000067 00008900 DPL=0 TSS64-avl
GDT=     00000080002b4ea0 0000001f
IDT=     00000080002b4f20 00000fff
CR0=80010011 CR2=0000000000000000 CR3=0000000001589000 CR4=00000020
DR0=0000000000000000 DR1=0000000000000000 DR2=0000000000000000 DR3=0000000000000000 
DR6=00000000ffff0ff0 DR7=0000000000000400
CCS=0000000000000000 CCD=0000008000283670 CCO=EFLAGS
EFER=0000000000000d00
Servicing hardware INT=0x20
    13: v=20 e=0000 i=0 cpl=0 IP=0008:00000080000816a5 pc=00000080000816a5 SP=0000:0000010000014330 env->regs[R_EAX]=00000080002836b8
RAX=00000080002836b8 RBX=0000000000004f98 RCX=000000000000001e RDX=00000200015ef118
RSI=00000200015ef118 RDI=00000080002836a8 RBP=0000000000000000 RSP=0000010000014330
R8 =0000010000014d40 R9 =0000000000000003 R10=0000010000014d40 R11=00000000001524e8
R12=0000000000006288 R13=0000000000007608 R14=0000028000000000 R15=00000000000077d8
RIP=00000080000816a5 RFL=00000206 [-----P-] CPL=0 II=0 A20=1 SMM=0 HLT=0
ES =0010 0000000000000000 ffffffff 00cf9300 DPL=0 DS   [-WA]
CS =0008 0000000000000000 ffffffff 00af9b00 DPL=0 CS64 [-RA]
SS =0000 0000000000000000 ffffffff 00c09300 DPL=0 DS   [-WA]
DS =0010 0000000000000000 ffffffff 00cf9300 DPL=0 DS   [-WA]
FS =0000 0000000000000000 0000ffff 00009300 DPL=0 DS   [-WA]
GS =0000 0000000000000000 0000ffff 00009300 DPL=0 DS   [-WA]
LDT=0000 0000000000000000 0000ffff 00008200 DPL=0 LDT
TR =0010 00000080002b4e30 00000067 00008900 DPL=0 TSS64-avl
GDT=     00000080002b4ea0 0000001f
IDT=     00000080002b4f20 00000fff
CR0=80010011 CR2=0000000000000000 CR3=0000000001589000 CR4=00000020
DR0=0000000000000000 DR1=0000000000000000 DR2=0000000000000000 DR3=0000000000000000 
DR6=00000000ffff0ff0 DR7=0000000000000400
CCS=0000000000000004 CCD=00000080002836b8 CCO=EFLAGS
EFER=0000000000000d00
Servicing hardware INT=0x20
    14: v=20 e=0000 i=0 cpl=0 IP=0008:0000008000095c80 pc=0000008000095c80 SP=0000:0000010000014928 env->regs[R_EAX]=0000008000095c80
RAX=0000008000095c80 RBX=0000000000004f98 RCX=0000000000000195 RDX=3333333333333333
RSI=0000010000014a68 RDI=0000010000014a68 RBP=0000000000000000 RSP=0000010000014928
R8 =0000008000283420 R9 =0000000000000003 R10=0000010000014d40 R11=00000000001524e8
R12=0000000000006288 R13=0000000000007608 R14=0000028000000000 R15=00000000000077d8
RIP=0000008000095c80 RFL=00000202 [-------] CPL=0 II=0 A20=1 SMM=0 HLT=0
ES =0010 0000000000000000 ffffffff 00cf9300 DPL=0 DS   [-WA]
CS =0008 0000000000000000 ffffffff 00af9b00 DPL=0 CS64 [-RA]
SS =0000 0000000000000000 ffffffff 00c09300 DPL=0 DS   [-WA]
DS =0010 0000000000000000 ffffffff 00cf9300 DPL=0 DS   [-WA]
FS =0000 0000000000000000 0000ffff 00009300 DPL=0 DS   [-WA]
GS =0000 0000000000000000 0000ffff 00009300 DPL=0 DS   [-WA]
LDT=0000 0000000000000000 0000ffff 00008200 DPL=0 LDT
TR =0010 00000080002b4e30 00000067 00008900 DPL=0 TSS64-avl
GDT=     00000080002b4ea0 0000001f
IDT=     00000080002b4f20 00000fff
CR0=80010011 CR2=0000000000000000 CR3=0000000001589000 CR4=00000020
DR0=0000000000000000 DR1=0000000000000000 DR2=0000000000000000 DR3=0000000000000000 
DR6=00000000ffff0ff0 DR7=0000000000000400
CCS=0000000000000000 CCD=0000010000014940 CCO=EFLAGS
EFER=0000000000000d00
Servicing hardware INT=0x20
    15: v=20 e=0000 i=0 cpl=0 IP=0008:0000008000095de0 pc=0000008000095de0 SP=0000:0000010000014878 env->regs[R_EAX]=0000008000095de0
RAX=0000008000095de0 RBX=0000000000004f98 RCX=0000000000000060 RDX=3333333333333333
RSI=0000010000014a68 RDI=0000010000014a78 RBP=0000000000000000 RSP=0000010000014878
R8 =0000008000283420 R9 =0000000000000003 R10=0000010000014d40 R11=00000000001524e8
R12=0000000000006288 R13=0000000000007608 R14=0000028000000000 R15=00000000000077d8
RIP=0000008000095de0 RFL=00000206 [-----P-] CPL=0 II=0 A20=1 SMM=0 HLT=0
ES =0010 0000000000000000 ffffffff 00cf9300 DPL=0 DS   [-WA]
CS =0008 0000000000000000 ffffffff 00af9b00 DPL=0 CS64 [-RA]
SS =0000 0000000000000000 ffffffff 00c09300 DPL=0 DS   [-WA]
DS =0010 0000000000000000 ffffffff 00cf9300 DPL=0 DS   [-WA]
FS =0000 0000000000000000 0000ffff 00009300 DPL=0 DS   [-WA]
GS =0000 0000000000000000 0000ffff 00009300 DPL=0 DS   [-WA]
LDT=0000 0000000000000000 0000ffff 00008200 DPL=0 LDT
TR =0010 00000080002b4e30 00000067 00008900 DPL=0 TSS64-avl
GDT=     00000080002b4ea0 0000001f
IDT=     00000080002b4f20 00000fff
CR0=80010011 CR2=0000000000000000 CR3=0000000001589000 CR4=00000020
DR0=0000000000000000 DR1=0000000000000000 DR2=0000000000000000 DR3=0000000000000000 
DR6=00000000ffff0ff0 DR7=0000000000000400
CCS=0000000000000004 CCD=0000010000014a78 CCO=EFLAGS
EFER=0000000000000d00
Servicing hardware INT=0x20
    16: v=20 e=0000 i=0 cpl=0 IP=0008:0000008000095e32 pc=0000008000095e32 SP=0000:0000010000014820 env->regs[R_EAX]=0000000000000001
RAX=0000000000000001 RBX=0000000000004f98 RCX=0000010000014a78 RDX=00000000016a8000
RSI=00000000016a9000 RDI=0000000000001000 RBP=0000000000000000 RSP=0000010000014820
R8 =0000008000283420 R9 =0000000000000003 R10=0000010000014d40 R11=00000000001524e8
R12=0000000000006288 R13=0000000000007608 R14=0000028000000000 R15=00000000000077d8
RIP=0000008000095e32 RFL=00000202 [-------] CPL=0 II=0 A20=1 SMM=0 HLT=0
ES =0010 0000000000000000 ffffffff 00cf9300 DPL=0 DS   [-WA]
CS =0008 0000000000000000 ffffffff 00af9b00 DPL=0 CS64 [-RA]
SS =0000 0000000000000000 ffffffff 00c09300 DPL=0 DS   [-WA]
DS =0010 0000000000000000 ffffffff 00cf9300 DPL=0 DS   [-WA]
FS =0000 0000000000000000 0000ffff 00009300 DPL=0 DS   [-WA]
GS =0000 0000000000000000 0000ffff 00009300 DPL=0 DS   [-WA]
LDT=0000 0000000000000000 0000ffff 00008200 DPL=0 LDT
TR =0010 00000080002b4e30 00000067 00008900 DPL=0 TSS64-avl
GDT=     00000080002b4ea0 0000001f
IDT=     00000080002b4f20 00000fff
CR0=80010011 CR2=0000000000000000 CR3=0000000001589000 CR4=00000020
DR0=0000000000000000 DR1=0000000000000000 DR2=0000000000000000 DR3=0000000000000000 
DR6=00000000ffff0ff0 DR7=0000000000000400
CCS=0000000000000000 CCD=00000100000147f8 CCO=EFLAGS
EFER=0000000000000d00
Servicing hardware INT=0x20
    17: v=20 e=0000 i=0 cpl=0 IP=0008:000000800008d1d0 pc=000000800008d1d0 SP=0000:0000010000014808 env->regs[R_EAX]=000000800008d1d0
RAX=000000800008d1d0 RBX=0000000000004f98 RCX=0000000000000000 RDX=3333333333333333
RSI=0000010000014a68 RDI=0000010000014a78 RBP=0000000000000000 RSP=0000010000014808
R8 =0000008000283420 R9 =0000000000000003 R10=0000010000014d40 R11=00000000001524e8
R12=0000000000006288 R13=0000000000007608 R14=0000028000000000 R15=00000000000077d8
RIP=000000800008d1d0 RFL=00000202 [-------] CPL=0 II=0 A20=1 SMM=0 HLT=0
ES =0010 0000000000000000 ffffffff 00cf9300 DPL=0 DS   [-WA]
CS =0008 0000000000000000 ffffffff 00af9b00 DPL=0 CS64 [-RA]
SS =0000 0000000000000000 ffffffff 00c09300 DPL=0 DS   [-WA]
DS =0010 0000000000000000 ffffffff 00cf9300 DPL=0 DS   [-WA]
FS =0000 0000000000000000 0000ffff 00009300 DPL=0 DS   [-WA]
GS =0000 0000000000000000 0000ffff 00009300 DPL=0 DS   [-WA]
LDT=0000 0000000000000000 0000ffff 00008200 DPL=0 LDT
TR =0010 00000080002b4e30 00000067 00008900 DPL=0 TSS64-avl
GDT=     00000080002b4ea0 0000001f
IDT=     00000080002b4f20 00000fff
CR0=80010011 CR2=0000000000000000 CR3=0000000001589000 CR4=00000020
DR0=0000000000000000 DR1=0000000000000000 DR2=0000000000000000 DR3=0000000000000000 
DR6=00000000ffff0ff0 DR7=0000000000000400
CCS=0000000000000000 CCD=0000000000000001 CCO=EFLAGS
EFER=0000000000000d00
Servicing hardware INT=0x20
    18: v=20 e=0000 i=0 cpl=0 IP=0008:0000008000087fa0 pc=0000008000087fa0 SP=0000:0000010000014818 env->regs[R_EAX]=0000008000087fa0
RAX=0000008000087fa0 RBX=0000000000004f98 RCX=0000000000000000 RDX=3333333333333333
RSI=0000010000014a68 RDI=0000010000014a78 RBP=0000000000000000 RSP=0000010000014818
R8 =0000008000283420 R9 =0000000000000003 R10=0000010000014d40 R11=00000000001524e8
R12=0000000000006288 R13=0000000000007608 R14=0000028000000000 R15=00000000000077d8
RIP=0000008000087fa0 RFL=00000202 [-------] CPL=0 II=0 A20=1 SMM=0 HLT=0
ES =0010 0000000000000000 ffffffff 00cf9300 DPL=0 DS   [-WA]
CS =0008 0000000000000000 ffffffff 00af9b00 DPL=0 CS64 [-RA]
SS =0000 0000000000000000 ffffffff 00c09300 DPL=0 DS   [-WA]
DS =0010 0000000000000000 ffffffff 00cf9300 DPL=0 DS   [-WA]
FS =0000 0000000000000000 0000ffff 00009300 DPL=0 DS   [-WA]
GS =0000 0000000000000000 0000ffff 00009300 DPL=0 DS   [-WA]
LDT=0000 0000000000000000 0000ffff 00008200 DPL=0 LDT
TR =0010 00000080002b4e30 00000067 00008900 DPL=0 TSS64-avl
GDT=     00000080002b4ea0 0000001f
IDT=     00000080002b4f20 00000fff
CR0=80010011 CR2=0000000000000000 CR3=0000000001589000 CR4=00000020
DR0=0000000000000000 DR1=0000000000000000 DR2=0000000000000000 DR3=0000000000000000 
DR6=00000000ffff0ff0 DR7=0000000000000400
CCS=0000000000000000 CCD=0000000000000001 CCO=EFLAGS
EFER=0000000000000d00
Servicing hardware INT=0x20
    19: v=20 e=0000 i=0 cpl=0 IP=0008:000000800008cfb0 pc=000000800008cfb0 SP=0000:00000100000148f8 env->regs[R_EAX]=000000800008f1d0
RAX=000000800008f1d0 RBX=0000000000004f98 RCX=0000008000095c70 RDX=0000000001795000
RSI=0000000001795000 RDI=0000000001795000 RBP=0000000000000000 RSP=00000100000148f8
R8 =0000008000283420 R9 =0000000000000003 R10=0000010000014d40 R11=00000000001524e8
R12=0000000000006288 R13=0000000000007608 R14=0000028000000000 R15=00000000000077d8
RIP=000000800008cfb0 RFL=00000206 [-----P-] CPL=0 II=0 A20=1 SMM=0 HLT=0
ES =0010 0000000000000000 ffffffff 00cf9300 DPL=0 DS   [-WA]
CS =0008 0000000000000000 ffffffff 00af9b00 DPL=0 CS64 [-RA]
SS =0000 0000000000000000 ffffffff 00c09300 DPL=0 DS   [-WA]
DS =0010 0000000000000000 ffffffff 00cf9300 DPL=0 DS   [-WA]
FS =0000 0000000000000000 0000ffff 00009300 DPL=0 DS   [-WA]
GS =0000 0000000000000000 0000ffff 00009300 DPL=0 DS   [-WA]
LDT=0000 0000000000000000 0000ffff 00008200 DPL=0 LDT
TR =0010 00000080002b4e30 00000067 00008900 DPL=0 TSS64-avl
GDT=     00000080002b4ea0 0000001f
IDT=     00000080002b4f20 00000fff
CR0=80010011 CR2=0000000000000000 CR3=0000000001589000 CR4=00000020
DR0=0000000000000000 DR1=0000000000000000 DR2=0000000000000000 DR3=0000000000000000 
DR6=00000000ffff0ff0 DR7=0000000000000400
CCS=0000000000000004 CCD=0000010000014900 CCO=EFLAGS
EFER=0000000000000d00
Servicing hardware INT=0x20
    20: v=20 e=0000 i=0 cpl=0 IP=0008:000000800008f1e8 pc=000000800008f1e8 SP=0000:0000010000014900 env->regs[R_EAX]=00000000018bb000
RAX=00000000018bb000 RBX=0000000000004f98 RCX=00000000018bb000 RDX=3333333333333333
RSI=0000000000001000 RDI=00000000018bb000 RBP=0000000000000000 RSP=0000010000014900
R8 =0000008000283420 R9 =0000000000000003 R10=0000010000014d40 R11=00000000001524e8
R12=0000000000006288 R13=0000000000007608 R14=0000028000000000 R15=00000000000077d8
RIP=000000800008f1e8 RFL=00000206 [-----P-] CPL=0 II=0 A20=1 SMM=0 HLT=0
ES =0010 0000000000000000 ffffffff 00cf9300 DPL=0 DS   [-WA]
CS =0008 0000000000000000 ffffffff 00af9b00 DPL=0 CS64 [-RA]
SS =0000 0000000000000000 ffffffff 00c09300 DPL=0 DS   [-WA]
DS =0010 0000000000000000 ffffffff 00cf9300 DPL=0 DS   [-WA]
FS =0000 0000000000000000 0000ffff 00009300 DPL=0 DS   [-WA]
GS =0000 0000000000000000 0000ffff 00009300 DPL=0 DS   [-WA]
LDT=0000 0000000000000000 0000ffff 00008200 DPL=0 LDT
TR =0010 00000080002b4e30 00000067 00008900 DPL=0 TSS64-avl
GDT=     00000080002b4ea0 0000001f
IDT=     00000080002b4f20 00000fff
CR0=80010011 CR2=0000000000000000 CR3=0000000001589000 CR4=00000020
DR0=0000000000000000 DR1=0000000000000000 DR2=0000000000000000 DR3=0000000000000000 
DR6=00000000ffff0ff0 DR7=0000000000000400
CCS=0000000000000004 CCD=00000100000148e8 CCO=EFLAGS
EFER=0000000000000d00
Servicing hardware INT=0x20
    21: v=20 e=0000 i=0 cpl=0 IP=0008:0000008000087fb2 pc=0000008000087fb2 SP=0000:0000010000014810 env->regs[R_EAX]=0000000000000001
RAX=0000000000000001 RBX=0000000000004f98 RCX=000000800008d1d0 RDX=00000000016be000
RSI=00000000016bf000 RDI=0000000000001000 RBP=0000000000000000 RSP=0000010000014810
R8 =0000008000283420 R9 =0000000000000003 R10=0000010000014d40 R11=00000000001524e8
R12=0000000000006288 R13=0000000000007608 R14=0000028000000000 R15=00000000000077d8
RIP=0000008000087fb2 RFL=00000202 [-------] CPL=0 II=0 A20=1 SMM=0 HLT=0
ES =0010 0000000000000000 ffffffff 00cf9300 DPL=0 DS   [-WA]
CS =0008 0000000000000000 ffffffff 00af9b00 DPL=0 CS64 [-RA]
SS =0000 0000000000000000 ffffffff 00c09300 DPL=0 DS   [-WA]
DS =0010 0000000000000000 ffffffff 00cf9300 DPL=0 DS   [-WA]
FS =0000 0000000000000000 0000ffff 00009300 DPL=0 DS   [-WA]
GS =0000 0000000000000000 0000ffff 00009300 DPL=0 DS   [-WA]
LDT=0000 0000000000000000 0000ffff 00008200 DPL=0 LDT
TR =0010 00000080002b4e30 00000067 00008900 DPL=0 TSS64-avl
GDT=     00000080002b4ea0 0000001f
IDT=     00000080002b4f20 00000fff
CR0=80010011 CR2=0000000000000000 CR3=0000000001589000 CR4=00000020
DR0=0000000000000000 DR1=0000000000000000 DR2=0000000000000000 DR3=0000000000000000 
DR6=00000000ffff0ff0 DR7=0000000000000400
CCS=0000000000000000 CCD=00000100000147f8 CCO=EFLAGS
EFER=0000000000000d00
Servicing hardware INT=0x20
    22: v=20 e=0000 i=0 cpl=0 IP=0008:000000800008d010 pc=000000800008d010 SP=0000:00000100000148d8 env->regs[R_EAX]=000000800008f1d0
RAX=000000800008f1d0 RBX=0000000000004f98 RCX=0000008000095c70 RDX=0000000001699000
RSI=0000000001699000 RDI=0000000001699000 RBP=0000000000000000 RSP=00000100000148d8
R8 =0000008000283420 R9 =0000000000000003 R10=0000010000014d40 R11=00000000001524e8
R12=0000000000006288 R13=0000000000007608 R14=0000028000000000 R15=00000000000077d8
RIP=000000800008d010 RFL=00000202 [-------] CPL=0 II=0 A20=1 SMM=0 HLT=0
ES =0010 0000000000000000 ffffffff 00cf9300 DPL=0 DS   [-WA]
CS =0008 0000000000000000 ffffffff 00af9b00 DPL=0 CS64 [-RA]
SS =0000 0000000000000000 ffffffff 00c09300 DPL=0 DS   [-WA]
DS =0010 0000000000000000 ffffffff 00cf9300 DPL=0 DS   [-WA]
FS =0000 0000000000000000 0000ffff 00009300 DPL=0 DS   [-WA]
GS =0000 0000000000000000 0000ffff 00009300 DPL=0 DS   [-WA]
LDT=0000 0000000000000000 0000ffff 00008200 DPL=0 LDT
TR =0010 00000080002b4e30 00000067 00008900 DPL=0 TSS64-avl
GDT=     00000080002b4ea0 0000001f
IDT=     00000080002b4f20 00000fff
CR0=80010011 CR2=0000000000000000 CR3=0000000001589000 CR4=00000020
DR0=0000000000000000 DR1=0000000000000000 DR2=0000000000000000 DR3=0000000000000000 
DR6=00000000ffff0ff0 DR7=0000000000000400
CCS=0000000000000000 CCD=00000100000148e0 CCO=EFLAGS
EFER=0000000000000d00
Servicing hardware INT=0x20
    23: v=20 e=0000 i=0 cpl=0 IP=0008:00000080000959a7 pc=00000080000959a7 SP=0000:0000010000014990 env->regs[R_EAX]=000000000000002f
RAX=000000000000002f RBX=0000000000004f98 RCX=0000000000000001 RDX=3333333333333333
RSI=0000000000000001 RDI=000000000000002f RBP=0000000000000000 RSP=0000010000014990
R8 =0000008000283420 R9 =0000000000000003 R10=0000010000014d40 R11=00000000001524e8
R12=0000000000006288 R13=0000000000007608 R14=0000028000000000 R15=00000000000077d8
RIP=00000080000959a7 RFL=00000206 [-----P-] CPL=0 II=0 A20=1 SMM=0 HLT=0
ES =0010 0000000000000000 ffffffff 00cf9300 DPL=0 DS   [-WA]
CS =0008 0000000000000000 ffffffff 00af9b00 DPL=0 CS64 [-RA]
SS =0000 0000000000000000 ffffffff 00c09300 DPL=0 DS   [-WA]
DS =0010 0000000000000000 ffffffff 00cf9300 DPL=0 DS   [-WA]
FS =0000 0000000000000000 0000ffff 00009300 DPL=0 DS   [-WA]
GS =0000 0000000000000000 0000ffff 00009300 DPL=0 DS   [-WA]
LDT=0000 0000000000000000 0000ffff 00008200 DPL=0 LDT
TR =0010 00000080002b4e30 00000067 00008900 DPL=0 TSS64-avl
GDT=     00000080002b4ea0 0000001f
IDT=     00000080002b4f20 00000fff
CR0=80010011 CR2=0000000000000000 CR3=0000000001589000 CR4=00000020
DR0=0000000000000000 DR1=0000000000000000 DR2=0000000000000000 DR3=0000000000000000 
DR6=00000000ffff0ff0 DR7=0000000000000400
CCS=0000000000000004 CCD=0000010000014988 CCO=EFLAGS
EFER=0000000000000d00
Servicing hardware INT=0x20
    24: v=20 e=0000 i=0 cpl=0 IP=0008:000000800008d1d6 pc=000000800008d1d6 SP=0000:0000010000014800 env->regs[R_EAX]=0000000000000001
RAX=0000000000000001 RBX=0000000000004f98 RCX=0000010000014a78 RDX=00000000018b4000
RSI=00000000018b5000 RDI=0000000000001000 RBP=0000000000000000 RSP=0000010000014800
R8 =0000008000283420 R9 =0000000000000003 R10=0000010000014d40 R11=00000000001524e8
R12=0000000000006288 R13=0000000000007608 R14=0000028000000000 R15=00000000000077d8
RIP=000000800008d1d6 RFL=00000202 [-------] CPL=0 II=0 A20=1 SMM=0 HLT=0
ES =0010 0000000000000000 ffffffff 00cf9300 DPL=0 DS   [-WA]
CS =0008 0000000000000000 ffffffff 00af9b00 DPL=0 CS64 [-RA]
SS =0000 0000000000000000 ffffffff 00c09300 DPL=0 DS   [-WA]
DS =0010 0000000000000000 ffffffff 00cf9300 DPL=0 DS   [-WA]
FS =0000 0000000000000000 0000ffff 00009300 DPL=0 DS   [-WA]
GS =0000 0000000000000000 0000ffff 00009300 DPL=0 DS   [-WA]
LDT=0000 0000000000000000 0000ffff 00008200 DPL=0 LDT
TR =0010 00000080002b4e30 00000067 00008900 DPL=0 TSS64-avl
GDT=     00000080002b4ea0 0000001f
IDT=     00000080002b4f20 00000fff
CR0=80010011 CR2=0000000000000000 CR3=0000000001589000 CR4=00000020
DR0=0000000000000000 DR1=0000000000000000 DR2=0000000000000000 DR3=0000000000000000 
DR6=00000000ffff0ff0 DR7=0000000000000400
CCS=0000000000000000 CCD=00000100000147f8 CCO=EFLAGS
EFER=0000000000000d00
Servicing hardware INT=0x20
    25: v=20 e=0000 i=0 cpl=0 IP=0008:00000080000959a7 pc=00000080000959a7 SP=0000:0000010000014990 env->regs[R_EAX]=0000000000000338
RAX=0000000000000338 RBX=0000000000004f98 RCX=0000000000000001 RDX=3333333333333333
RSI=0000000000000001 RDI=0000000000000338 RBP=0000000000000000 RSP=0000010000014990
R8 =0000008000283420 R9 =0000000000000003 R10=0000010000014d40 R11=00000000001524e8
R12=0000000000006288 R13=0000000000007608 R14=0000028000000000 R15=00000000000077d8
RIP=00000080000959a7 RFL=00000206 [-----P-] CPL=0 II=0 A20=1 SMM=0 HLT=0
ES =0010 0000000000000000 ffffffff 00cf9300 DPL=0 DS   [-WA]
CS =0008 0000000000000000 ffffffff 00af9b00 DPL=0 CS64 [-RA]
SS =0000 0000000000000000 ffffffff 00c09300 DPL=0 DS   [-WA]
DS =0010 0000000000000000 ffffffff 00cf9300 DPL=0 DS   [-WA]
FS =0000 0000000000000000 0000ffff 00009300 DPL=0 DS   [-WA]
GS =0000 0000000000000000 0000ffff 00009300 DPL=0 DS   [-WA]
LDT=0000 0000000000000000 0000ffff 00008200 DPL=0 LDT
TR =0010 00000080002b4e30 00000067 00008900 DPL=0 TSS64-avl
GDT=     00000080002b4ea0 0000001f
IDT=     00000080002b4f20 00000fff
CR0=80010011 CR2=0000000000000000 CR3=0000000001589000 CR4=00000020
DR0=0000000000000000 DR1=0000000000000000 DR2=0000000000000000 DR3=0000000000000000 
DR6=00000000ffff0ff0 DR7=0000000000000400
CCS=0000000000000004 CCD=0000010000014988 CCO=EFLAGS
EFER=0000000000000d00
Servicing hardware INT=0x20
    26: v=20 e=0000 i=0 cpl=0 IP=0008:000000800009b4e0 pc=000000800009b4e0 SP=0000:0000010000014968 env->regs[R_EAX]=0000000000000131
RAX=0000000000000131 RBX=0000000000004f98 RCX=000000000171d000 RDX=3333333333333333
RSI=0000000000000001 RDI=0000000000000131 RBP=0000000000000000 RSP=0000010000014968
R8 =0000008000283420 R9 =0000000000000003 R10=0000010000014d40 R11=00000000001524e8
R12=0000000000006288 R13=0000000000007608 R14=0000028000000000 R15=00000000000077d8
RIP=000000800009b4e0 RFL=00000202 [-------] CPL=0 II=0 A20=1 SMM=0 HLT=0
ES =0010 0000000000000000 ffffffff 00cf9300 DPL=0 DS   [-WA]
CS =0008 0000000000000000 ffffffff 00af9b00 DPL=0 CS64 [-RA]
SS =0000 0000000000000000 ffffffff 00c09300 DPL=0 DS   [-WA]
DS =0010 0000000000000000 ffffffff 00cf9300 DPL=0 DS   [-WA]
FS =0000 0000000000000000 0000ffff 00009300 DPL=0 DS   [-WA]
GS =0000 0000000000000000 0000ffff 00009300 DPL=0 DS   [-WA]
LDT=0000 0000000000000000 0000ffff 00008200 DPL=0 LDT
TR =0010 00000080002b4e30 00000067 00008900 DPL=0 TSS64-avl
GDT=     00000080002b4ea0 0000001f
IDT=     00000080002b4f20 00000fff
CR0=80010011 CR2=0000000000000000 CR3=0000000001589000 CR4=00000020
DR0=0000000000000000 DR1=0000000000000000 DR2=0000000000000000 DR3=0000000000000000 
DR6=00000000ffff0ff0 DR7=0000000000000400
CCS=0000000000000000 CCD=0000010000014970 CCO=EFLAGS
EFER=0000000000000d00
Servicing hardware INT=0x20
    27: v=20 e=0000 i=0 cpl=0 IP=0008:0000008000095c9c pc=0000008000095c9c SP=0000:0000010000014880 env->regs[R_EAX]=0000000000000001
RAX=0000000000000001 RBX=0000000000004f98 RCX=0000000000000001 RDX=00000000019a8000
RSI=00000000019a9000 RDI=0000000000001000 RBP=0000000000000000 RSP=0000010000014880
R8 =0000008000283420 R9 =0000000000000003 R10=0000010000014d40 R11=00000000001524e8
R12=0000000000006288 R13=0000000000007608 R14=0000028000000000 R15=00000000000077d8
RIP=0000008000095c9c RFL=00000206 [-----P-] CPL=0 II=0 A20=1 SMM=0 HLT=0
ES =0010 0000000000000000 ffffffff 00cf9300 DPL=0 DS   [-WA]
CS =0008 0000000000000000 ffffffff 00af9b00 DPL=0 CS64 [-RA]
SS =0000 0000000000000000 ffffffff 00c09300 DPL=0 DS   [-WA]
DS =0010 0000000000000000 ffffffff 00cf9300 DPL=0 DS   [-WA]
FS =0000 0000000000000000 0000ffff 00009300 DPL=0 DS   [-WA]
GS =0000 0000000000000000 0000ffff 00009300 DPL=0 DS   [-WA]
LDT=0000 0000000000000000 0000ffff 00008200 DPL=0 LDT
TR =0010 00000080002b4e30 00000067 00008900 DPL=0 TSS64-avl
GDT=     00000080002b4ea0 0000001f
IDT=     00000080002b4f20 00000fff
CR0=80010011 CR2=0000000000000000 CR3=0000000001589000 CR4=00000020
DR0=0000000000000000 DR1=0000000000000000 DR2=0000000000000000 DR3=0000000000000000 
DR6=00000000ffff0ff0 DR7=0000000000000400
CCS=0000000000000004 CCD=0000010000014878 CCO=EFLAGS
EFER=0000000000000d00
Servicing hardware INT=0x20
    28: v=20 e=0000 i=0 cpl=0 IP=0008:0000008000273693 pc=0000008000273693 SP=0000:00000100000148d0 env->regs[R_EAX]=0000000001885000
RAX=0000000001885000 RBX=0000000000004f98 RCX=fffffffffffff000 RDX=3333333333333333
RSI=0000000000001000 RDI=0000000001885000 RBP=0000000000000000 RSP=00000100000148d0
R8 =0000008000283420 R9 =0000000000000003 R10=0000010000014d40 R11=00000000001524e8
R12=0000000000006288 R13=0000000000007608 R14=0000028000000000 R15=00000000000077d8
RIP=0000008000273693 RFL=00000202 [-------] CPL=0 II=0 A20=1 SMM=0 HLT=0
ES =0010 0000000000000000 ffffffff 00cf9300 DPL=0 DS   [-WA]
CS =0008 0000000000000000 ffffffff 00af9b00 DPL=0 CS64 [-RA]
SS =0000 0000000000000000 ffffffff 00c09300 DPL=0 DS   [-WA]
DS =0010 0000000000000000 ffffffff 00cf9300 DPL=0 DS   [-WA]
FS =0000 0000000000000000 0000ffff 00009300 DPL=0 DS   [-WA]
GS =0000 0000000000000000 0000ffff 00009300 DPL=0 DS   [-WA]
LDT=0000 0000000000000000 0000ffff 00008200 DPL=0 LDT
TR =0010 00000080002b4e30 00000067 00008900 DPL=0 TSS64-avl
GDT=     00000080002b4ea0 0000001f
IDT=     00000080002b4f20 00000fff
CR0=80010011 CR2=0000000000000000 CR3=0000000001589000 CR4=00000020
DR0=0000000000000000 DR1=0000000000000000 DR2=0000000000000000 DR3=0000000000000000 
DR6=00000000ffff0ff0 DR7=0000000000000400
CCS=0000000000000000 CCD=00000100000148c8 CCO=EFLAGS
EFER=0000000000000d00
Servicing hardware INT=0x20
    29: v=20 e=0000 i=0 cpl=0 IP=0008:000000800008cf90 pc=000000800008cf90 SP=0000:00000100000148a8 env->regs[R_EAX]=000000800008f1d0
RAX=000000800008f1d0 RBX=0000000000004f98 RCX=0000008000095c70 RDX=0000000001786000
RSI=0000000001786000 RDI=0000000001786000 RBP=0000000000000000 RSP=00000100000148a8
R8 =0000008000283420 R9 =0000000000000003 R10=0000010000014d40 R11=00000000001524e8
R12=0000000000006288 R13=0000000000007608 R14=0000028000000000 R15=00000000000077d8
RIP=000000800008cf90 RFL=00000202 [-------] CPL=0 II=0 A20=1 SMM=0 HLT=0
ES =0010 0000000000000000 ffffffff 00cf9300 DPL=0 DS   [-WA]
CS =0008 0000000000000000 ffffffff 00af9b00 DPL=0 CS64 [-RA]
SS =0000 0000000000000000 ffffffff 00c09300 DPL=0 DS   [-WA]
DS =0010 0000000000000000 ffffffff 00cf9300 DPL=0 DS   [-WA]
FS =0000 0000000000000000 0000ffff 00009300 DPL=0 DS   [-WA]
GS =0000 0000000000000000 0000ffff 00009300 DPL=0 DS   [-WA]
LDT=0000 0000000000000000 0000ffff 00008200 DPL=0 LDT
TR =0010 00000080002b4e30 00000067 00008900 DPL=0 TSS64-avl
GDT=     00000080002b4ea0 0000001f
IDT=     00000080002b4f20 00000fff
CR0=80010011 CR2=0000000000000000 CR3=0000000001589000 CR4=00000020
DR0=0000000000000000 DR1=0000000000000000 DR2=0000000000000000 DR3=0000000000000000 
DR6=00000000ffff0ff0 DR7=0000000000000400
CCS=0000000000000000 CCD=00000100000148b0 CCO=EFLAGS
EFER=0000000000000d00
Servicing hardware INT=0x20
    30: v=20 e=0000 i=0 cpl=0 IP=0008:000000800009d4ef pc=000000800009d4ef SP=0000:0000010000014970 env->regs[R_EAX]=0000000000000156
RAX=0000000000000156 RBX=0000000000004f98 RCX=0000000001742000 RDX=3333333333333333
RSI=0000000000000001 RDI=0000000000000157 RBP=0000000000000000 RSP=0000010000014970
R8 =0000008000283420 R9 =0000000000000003 R10=0000010000014d40 R11=00000000001524e8
R12=0000000000006288 R13=0000000000007608 R14=0000028000000000 R15=00000000000077d8
RIP=000000800009d4ef RFL=00000202 [-------] CPL=0 II=0 A20=1 SMM=0 HLT=0
ES =0010 0000000000000000 ffffffff 00cf9300 DPL=0 DS   [-WA]
CS =0008 0000000000000000 ffffffff 00af9b00 DPL=0 CS64 [-RA]
SS =0000 0000000000000000 ffffffff 00c09300 DPL=0 DS   [-WA]
DS =0010 0000000000000000 ffffffff 00cf9300 DPL=0 DS   [-WA]
FS =0000 0000000000000000 0000ffff 00009300 DPL=0 DS   [-WA]
GS =0000 0000000000000000 0000ffff 00009300 DPL=0 DS   [-WA]
LDT=0000 0000000000000000 0000ffff 00008200 DPL=0 LDT
TR =0010 00000080002b4e30 00000067 00008900 DPL=0 TSS64-avl
GDT=     00000080002b4ea0 0000001f
IDT=     00000080002b4f20 00000fff
CR0=80010011 CR2=0000000000000000 CR3=0000000001589000 CR4=00000020
DR0=0000000000000000 DR1=0000000000000000 DR2=0000000000000000 DR3=0000000000000000 
DR6=00000000ffff0ff0 DR7=0000000000000400
CCS=0000000000000000 CCD=0000000000000157 CCO=EFLAGS
EFER=0000000000000d00
Servicing hardware INT=0x20
    31: v=20 e=0000 i=0 cpl=0 IP=0008:000000800008cf90 pc=000000800008cf90 SP=0000:00000100000148a8 env->regs[R_EAX]=000000800008f1d0
RAX=000000800008f1d0 RBX=0000000000004f98 RCX=0000008000095c70 RDX=0000000001a12000
RSI=0000000001a12000 RDI=0000000001a12000 RBP=0000000000000000 RSP=00000100000148a8
R8 =0000008000283420 R9 =0000000000000003 R10=0000010000014d40 R11=00000000001524e8
R12=0000000000006288 R13=0000000000007608 R14=0000028000000000 R15=00000000000077d8
RIP=000000800008cf90 RFL=00000202 [-------] CPL=0 II=0 A20=1 SMM=0 HLT=0
ES =0010 0000000000000000 ffffffff 00cf9300 DPL=0 DS   [-WA]
CS =0008 0000000000000000 ffffffff 00af9b00 DPL=0 CS64 [-RA]
SS =0000 0000000000000000 ffffffff 00c09300 DPL=0 DS   [-WA]
DS =0010 0000000000000000 ffffffff 00cf9300 DPL=0 DS   [-WA]
FS =0000 0000000000000000 0000ffff 00009300 DPL=0 DS   [-WA]
GS =0000 0000000000000000 0000ffff 00009300 DPL=0 DS   [-WA]
LDT=0000 0000000000000000 0000ffff 00008200 DPL=0 LDT
TR =0010 00000080002b4e30 00000067 00008900 DPL=0 TSS64-avl
GDT=     00000080002b4ea0 0000001f
IDT=     00000080002b4f20 00000fff
CR0=80010011 CR2=0000000000000000 CR3=0000000001589000 CR4=00000020
DR0=0000000000000000 DR1=0000000000000000 DR2=0000000000000000 DR3=0000000000000000 
DR6=00000000ffff0ff0 DR7=0000000000000400
CCS=0000000000000000 CCD=00000100000148b0 CCO=EFLAGS
EFER=0000000000000d00
Servicing hardware INT=0x20
    32: v=20 e=0000 i=0 cpl=0 IP=0008:0000008000081fc0 pc=0000008000081fc0 SP=0000:0000010000014318 env->regs[R_EAX]=0000008000283760
RAX=0000008000283760 RBX=0000000000004f98 RCX=0000000000000033 RDX=00000200015ee888
RSI=00000200015ee888 RDI=0000008000283760 RBP=0000000000000000 RSP=0000010000014318
R8 =0000010000014d40 R9 =0000000000000003 R10=0000010000014d40 R11=00000000001524e8
R12=0000000000006288 R13=0000000000007608 R14=0000028000000000 R15=00000000000077d8
RIP=0000008000081fc0 RFL=00000206 [-----P-] CPL=0 II=0 A20=1 SMM=0 HLT=0
ES =0010 0000000000000000 ffffffff 00cf9300 DPL=0 DS   [-WA]
CS =0008 0000000000000000 ffffffff 00af9b00 DPL=0 CS64 [-RA]
SS =0000 0000000000000000 ffffffff 00c09300 DPL=0 DS   [-WA]
DS =0010 0000000000000000 ffffffff 00cf9300 DPL=0 DS   [-WA]
FS =0000 0000000000000000 0000ffff 00009300 DPL=0 DS   [-WA]
GS =0000 0000000000000000 0000ffff 00009300 DPL=0 DS   [-WA]
LDT=0000 0000000000000000 0000ffff 00008200 DPL=0 LDT
TR =0010 00000080002b4e30 00000067 00008900 DPL=0 TSS64-avl
GDT=     00000080002b4ea0 0000001f
IDT=     00000080002b4f20 00000fff
CR0=80010011 CR2=0000000000000000 CR3=0000000001589000 CR4=00000020
DR0=0000000000000000 DR1=0000000000000000 DR2=0000000000000000 DR3=0000000000000000 
DR6=00000000ffff0ff0 DR7=0000000000000400
CCS=0000000000000004 CCD=0000008000283760 CCO=EFLAGS
EFER=0000000000000d00
Servicing hardware INT=0x20
    33: v=20 e=0000 i=0 cpl=0 IP=0008:000000800009b4e0 pc=000000800009b4e0 SP=0000:0000010000014968 env->regs[R_EAX]=00000000000002c6
RAX=00000000000002c6 RBX=0000000000004f98 RCX=00000000018b2000 RDX=3333333333333333
RSI=0000000000000001 RDI=00000000000002c6 RBP=0000000000000000 RSP=0000010000014968
R8 =0000008000283420 R9 =0000000000000003 R10=0000010000014d40 R11=00000000001524e8
R12=0000000000006288 R13=0000000000007608 R14=0000028000000000 R15=00000000000077d8
RIP=000000800009b4e0 RFL=00000202 [-------] CPL=0 II=0 A20=1 SMM=0 HLT=0
ES =0010 0000000000000000 ffffffff 00cf9300 DPL=0 DS   [-WA]
CS =0008 0000000000000000 ffffffff 00af9b00 DPL=0 CS64 [-RA]
SS =0000 0000000000000000 ffffffff 00c09300 DPL=0 DS   [-WA]
DS =0010 0000000000000000 ffffffff 00cf9300 DPL=0 DS   [-WA]
FS =0000 0000000000000000 0000ffff 00009300 DPL=0 DS   [-WA]
GS =0000 0000000000000000 0000ffff 00009300 DPL=0 DS   [-WA]
LDT=0000 0000000000000000 0000ffff 00008200 DPL=0 LDT
TR =0010 00000080002b4e30 00000067 00008900 DPL=0 TSS64-avl
GDT=     00000080002b4ea0 0000001f
IDT=     00000080002b4f20 00000fff
CR0=80010011 CR2=0000000000000000 CR3=0000000001589000 CR4=00000020
DR0=0000000000000000 DR1=0000000000000000 DR2=0000000000000000 DR3=0000000000000000 
DR6=00000000ffff0ff0 DR7=0000000000000400
CCS=0000000000000000 CCD=0000010000014970 CCO=EFLAGS
EFER=0000000000000d00
Servicing hardware INT=0x20
    34: v=20 e=0000 i=0 cpl=0 IP=0008:000000800008f1dc pc=000000800008f1dc SP=0000:0000010000014900 env->regs[R_EAX]=00000000017ad000
RAX=00000000017ad000 RBX=0000000000004f98 RCX=000fffffffffffff RDX=00000000017ad000
RSI=00000000017ad000 RDI=00000000017ad000 RBP=0000000000000000 RSP=0000010000014900
R8 =0000008000283420 R9 =0000000000000003 R10=0000010000014d40 R11=00000000001524e8
R12=0000000000006288 R13=0000000000007608 R14=0000028000000000 R15=00000000000077d8
RIP=000000800008f1dc RFL=00000202 [-------] CPL=0 II=0 A20=1 SMM=0 HLT=0
ES =0010 0000000000000000 ffffffff 00cf9300 DPL=0 DS   [-WA]
CS =0008 0000000000000000 ffffffff 00af9b00 DPL=0 CS64 [-RA]
SS =0000 0000000000000000 ffffffff 00c09300 DPL=0 DS   [-WA]
DS =0010 0000000000000000 ffffffff 00cf9300 DPL=0 DS   [-WA]
FS =0000 0000000000000000 0000ffff 00009300 DPL=0 DS   [-WA]
GS =0000 0000000000000000 0000ffff 00009300 DPL=0 DS   [-WA]
LDT=0000 0000000000000000 0000ffff 00008200 DPL=0 LDT
TR =0010 00000080002b4e30 00000067 00008900 DPL=0 TSS64-avl
GDT=     00000080002b4ea0 0000001f
IDT=     00000080002b4f20 00000fff
CR0=80010011 CR2=0000000000000000 CR3=0000000001589000 CR4=00000020
DR0=0000000000000000 DR1=0000000000000000 DR2=0000000000000000 DR3=0000000000000000 
DR6=00000000ffff0ff0 DR7=0000000000000400
CCS=0000000000000000 CCD=00000100000148f8 CCO=EFLAGS
EFER=0000000000000d00
Servicing hardware INT=0x20
    35: v=20 e=0000 i=0 cpl=0 IP=0008:0000008000087fa0 pc=0000008000087fa0 SP=0000:0000010000014818 env->regs[R_EAX]=0000008000087fa0
RAX=0000008000087fa0 RBX=0000000000004f98 RCX=0000000000000000 RDX=3333333333333333
RSI=0000010000014a68 RDI=0000010000014a78 RBP=0000000000000000 RSP=0000010000014818
R8 =0000008000283420 R9 =0000000000000003 R10=0000010000014d40 R11=00000000001524e8
R12=0000000000006288 R13=0000000000007608 R14=0000028000000000 R15=00000000000077d8
RIP=0000008000087fa0 RFL=00000202 [-------] CPL=0 II=0 A20=1 SMM=0 HLT=0
ES =0010 0000000000000000 ffffffff 00cf9300 DPL=0 DS   [-WA]
CS =0008 0000000000000000 ffffffff 00af9b00 DPL=0 CS64 [-RA]
SS =0000 0000000000000000 ffffffff 00c09300 DPL=0 DS   [-WA]
DS =0010 0000000000000000 ffffffff 00cf9300 DPL=0 DS   [-WA]
FS =0000 0000000000000000 0000ffff 00009300 DPL=0 DS   [-WA]
GS =0000 0000000000000000 0000ffff 00009300 DPL=0 DS   [-WA]
LDT=0000 0000000000000000 0000ffff 00008200 DPL=0 LDT
TR =0010 00000080002b4e30 00000067 00008900 DPL=0 TSS64-avl
GDT=     00000080002b4ea0 0000001f
IDT=     00000080002b4f20 00000fff
CR0=80010011 CR2=0000000000000000 CR3=0000000001589000 CR4=00000020
DR0=0000000000000000 DR1=0000000000000000 DR2=0000000000000000 DR3=0000000000000000 
DR6=00000000ffff0ff0 DR7=0000000000000400
CCS=0000000000000000 CCD=0000000000000001 CCO=EFLAGS
EFER=0000000000000d00
Servicing hardware INT=0x20
    36: v=20 e=0000 i=0 cpl=0 IP=0008:0000008000084752 pc=0000008000084752 SP=0000:00000100000148d0 env->regs[R_EAX]=0000008000088500
RAX=0000008000088500 RBX=0000000000004f98 RCX=000000800007af00 RDX=0000000000000001
RSI=0000000000000000 RDI=00000080002afdb8 RBP=0000000000000000 RSP=00000100000148d0
R8 =0000000000000040 R9 =0000000000000003 R10=0000010000014d40 R11=00000000001524e8
R12=0000000000006288 R13=0000000000007608 R14=0000028000000000 R15=00000000000077d8
RIP=0000008000084752 RFL=00000202 [-------] CPL=0 II=0 A20=1 SMM=0 HLT=0
ES =0010 0000000000000000 ffffffff 00cf9300 DPL=0 DS   [-WA]
CS =0008 0000000000000000 ffffffff 00af9b00 DPL=0 CS64 [-RA]
SS =0000 0000000000000000 ffffffff 00c09300 DPL=0 DS   [-WA]
DS =0010 0000000000000000 ffffffff 00cf9300 DPL=0 DS   [-WA]
FS =0000 0000000000000000 0000ffff 00009300 DPL=0 DS   [-WA]
GS =0000 0000000000000000 0000ffff 00009300 DPL=0 DS   [-WA]
LDT=0000 0000000000000000 0000ffff 00008200 DPL=0 LDT
TR =0010 00000080002b4e30 00000067 00008900 DPL=0 TSS64-avl
GDT=     00000080002b4ea0 0000001f
IDT=     00000080002b4f20 00000fff
CR0=80010011 CR2=0000000000000000 CR3=0000000001589000 CR4=00000020
DR0=0000000000000000 DR1=0000000000000000 DR2=0000000000000000 DR3=0000000000000000 
DR6=00000000ffff0ff0 DR7=0000000000000400
CCS=0000000000000000 CCD=0000010000014898 CCO=EFLAGS
EFER=0000000000000d00
Servicing hardware INT=0x20
    37: v=20 e=0000 i=0 cpl=0 IP=0008:0000008000084b79 pc=0000008000084b79 SP=0000:0000010000014970 env->regs[R_EAX]=0000444444440000
RAX=0000444444440000 RBX=0000000000004f98 RCX=000000800007af00 RDX=0000000000000001
RSI=0000000000000000 RDI=00000080002afdb8 RBP=0000000000000000 RSP=0000010000014970
R8 =0000000000000040 R9 =0000000000000003 R10=0000010000014d40 R11=00000000001524e8
R12=0000000000006288 R13=0000000000007608 R14=0000028000000000 R15=00000000000077d8
RIP=0000008000084b79 RFL=00000202 [-------] CPL=0 II=0 A20=1 SMM=0 HLT=0
ES =0010 0000000000000000 ffffffff 00cf9300 DPL=0 DS   [-WA]
CS =0008 0000000000000000 ffffffff 00af9b00 DPL=0 CS64 [-RA]
SS =0000 0000000000000000 ffffffff 00c09300 DPL=0 DS   [-WA]
DS =0010 0000000000000000 ffffffff 00cf9300 DPL=0 DS   [-WA]
FS =0000 0000000000000000 0000ffff 00009300 DPL=0 DS   [-WA]
GS =0000 0000000000000000 0000ffff 00009300 DPL=0 DS   [-WA]
LDT=0000 0000000000000000 0000ffff 00008200 DPL=0 LDT
TR =0010 00000080002b4e30 00000067 00008900 DPL=0 TSS64-avl
GDT=     00000080002b4ea0 0000001f
IDT=     00000080002b4f20 00000fff
CR0=80010011 CR2=0000000000000000 CR3=0000000001589000 CR4=00000020
DR0=0000000000000000 DR1=0000000000000000 DR2=0000000000000000 DR3=0000000000000000 
DR6=00000000ffff0ff0 DR7=0000000000000400
CCS=0000000000000000 CCD=0000010000014968 CCO=EFLAGS
EFER=0000000000000d00
Servicing hardware INT=0x20
    38: v=20 e=0000 i=0 cpl=0 IP=0008:000000800007edf0 pc=000000800007edf0 SP=0000:0000010000014c80 env->regs[R_EAX]=0000008000084680
RAX=0000008000084680 RBX=0000000000004f98 RCX=000000800007af00 RDX=0000000000000001
RSI=0000000000000000 RDI=00000080002afda2 RBP=0000000000000000 RSP=0000010000014c80
R8 =0000000000000002 R9 =0000000000000003 R10=0000010000014d40 R11=00000000001524e8
R12=0000000000006288 R13=0000000000007608 R14=0000028000000000 R15=00000000000077d8
RIP=000000800007edf0 RFL=00000202 [-------] CPL=0 II=0 A20=1 SMM=0 HLT=0
ES =0010 0000000000000000 ffffffff 00cf9300 DPL=0 DS   [-WA]
CS =0008 0000000000000000 ffffffff 00af9b00 DPL=0 CS64 [-RA]
SS =0000 0000000000000000 ffffffff 00c09300 DPL=0 DS   [-WA]
DS =0010 0000000000000000 ffffffff 00cf9300 DPL=0 DS   [-WA]
FS =0000 0000000000000000 0000ffff 00009300 DPL=0 DS   [-WA]
GS =0000 0000000000000000 0000ffff 00009300 DPL=0 DS   [-WA]
LDT=0000 0000000000000000 0000ffff 00008200 DPL=0 LDT
TR =0010 00000080002b4e30 00000067 00008900 DPL=0 TSS64-avl
GDT=     00000080002b4ea0 0000001f
IDT=     00000080002b4f20 00000fff
CR0=80010011 CR2=0000000000000000 CR3=0000000001589000 CR4=00000020
DR0=0000000000000000 DR1=0000000000000000 DR2=0000000000000000 DR3=0000000000000000 
DR6=00000000ffff0ff0 DR7=0000000000000400
CCS=0000000000000018 CCD=0000010000014c68 CCO=ADDQ
EFER=0000000000000d00
Servicing hardware INT=0x20
    39: v=20 e=0000 i=0 cpl=0 IP=0008:000000800009cf6c pc=000000800009cf6c SP=0000:0000010000014b80 env->regs[R_EAX]=0000008000084680
RAX=0000008000084680 RBX=0000000000004f98 RCX=000000800007af00 RDX=0000000000000001
RSI=0000000000000000 RDI=00000080002afda2 RBP=0000000000000000 RSP=0000010000014b80
R8 =0000000000000002 R9 =0000000000000003 R10=0000010000014d40 R11=00000000001524e8
R12=0000000000006288 R13=0000000000007608 R14=0000028000000000 R15=00000000000077d8
RIP=000000800009cf6c RFL=00000202 [-------] CPL=0 II=0 A20=1 SMM=0 HLT=0
ES =0010 0000000000000000 ffffffff 00cf9300 DPL=0 DS   [-WA]
CS =0008 0000000000000000 ffffffff 00af9b00 DPL=0 CS64 [-RA]
SS =0000 0000000000000000 ffffffff 00c09300 DPL=0 DS   [-WA]
DS =0010 0000000000000000 ffffffff 00cf9300 DPL=0 DS   [-WA]
FS =0000 0000000000000000 0000ffff 00009300 DPL=0 DS   [-WA]
GS =0000 0000000000000000 0000ffff 00009300 DPL=0 DS   [-WA]
LDT=0000 0000000000000000 0000ffff 00008200 DPL=0 LDT
TR =0010 00000080002b4e30 00000067 00008900 DPL=0 TSS64-avl
GDT=     00000080002b4ea0 0000001f
IDT=     00000080002b4f20 00000fff
CR0=80010011 CR2=0000000000000000 CR3=0000000001589000 CR4=00000020
DR0=0000000000000000 DR1=0000000000000000 DR2=0000000000000000 DR3=0000000000000000 
DR6=00000000ffff0ff0 DR7=0000000000000400
CCS=0000000000000018 CCD=0000010000014b68 CCO=ADDQ
EFER=0000000000000d00
Servicing hardware INT=0x20
    40: v=20 e=0000 i=0 cpl=0 IP=0008:0000008000091194 pc=0000008000091194 SP=0000:0000010000014b10 env->regs[R_EAX]=0000008000271f02
RAX=0000008000271f02 RBX=0000000000004f98 RCX=0000008000091102 RDX=0000000000000001
RSI=0000000000000002 RDI=0000000000000002 RBP=0000000000000000 RSP=0000010000014b10
R8 =0000000000000002 R9 =0000000000000003 R10=0000010000014d40 R11=00000000001524e8
R12=0000000000006288 R13=0000000000007608 R14=0000028000000000 R15=00000000000077d8
RIP=0000008000091194 RFL=00000246 [---Z-P-] CPL=0 II=0 A20=1 SMM=0 HLT=0
ES =0010 0000000000000000 ffffffff 00cf9300 DPL=0 DS   [-WA]
CS =0008 0000000000000000 ffffffff 00af9b00 DPL=0 CS64 [-RA]
SS =0000 0000000000000000 ffffffff 00c09300 DPL=0 DS   [-WA]
DS =0010 0000000000000000 ffffffff 00cf9300 DPL=0 DS   [-WA]
FS =0000 0000000000000000 0000ffff 00009300 DPL=0 DS   [-WA]
GS =0000 0000000000000000 0000ffff 00009300 DPL=0 DS   [-WA]
LDT=0000 0000000000000000 0000ffff 00008200 DPL=0 LDT
TR =0010 00000080002b4e30 00000067 00008900 DPL=0 TSS64-avl
GDT=     00000080002b4ea0 0000001f
IDT=     00000080002b4f20 00000fff
CR0=80010011 CR2=0000000000000000 CR3=0000000001589000 CR4=00000020
DR0=0000000000000000 DR1=0000000000000000 DR2=0000000000000000 DR3=0000000000000000 
DR6=00000000ffff0ff0 DR7=0000000000000400
CCS=0000000000000002 CCD=0000000000000000 CCO=SUBB
EFER=0000000000000d00
Servicing hardware INT=0x20
    41: v=20 e=0000 i=0 cpl=0 IP=0008:00000080000a1f70 pc=00000080000a1f70 SP=0000:0000010000014ae8 env->regs[R_EAX]=00000080000a1f70
RAX=00000080000a1f70 RBX=0000000000004f98 RCX=0000444444440090 RDX=0000000000000000
RSI=000000000000000d RDI=0000010000014b30 RBP=0000000000000000 RSP=0000010000014ae8
R8 =0000000000000002 R9 =0000000000000003 R10=0000010000014d40 R11=00000000001524e8
R12=0000000000006288 R13=0000000000007608 R14=0000028000000000 R15=00000000000077d8
RIP=00000080000a1f70 RFL=00000246 [---Z-P-] CPL=0 II=0 A20=1 SMM=0 HLT=0
ES =0010 0000000000000000 ffffffff 00cf9300 DPL=0 DS   [-WA]
CS =0008 0000000000000000 ffffffff 00af9b00 DPL=0 CS64 [-RA]
SS =0000 0000000000000000 ffffffff 00c09300 DPL=0 DS   [-WA]
DS =0010 0000000000000000 ffffffff 00cf9300 DPL=0 DS   [-WA]
FS =0000 0000000000000000 0000ffff 00009300 DPL=0 DS   [-WA]
GS =0000 0000000000000000 0000ffff 00009300 DPL=0 DS   [-WA]
LDT=0000 0000000000000000 0000ffff 00008200 DPL=0 LDT
TR =0010 00000080002b4e30 00000067 00008900 DPL=0 TSS64-avl
GDT=     00000080002b4ea0 0000001f
IDT=     00000080002b4f20 00000fff
CR0=80010011 CR2=0000000000000000 CR3=0000000001589000 CR4=00000020
DR0=0000000000000000 DR1=0000000000000000 DR2=0000000000000000 DR3=0000000000000000 
DR6=00000000ffff0ff0 DR7=0000000000000400
CCS=0000000000000044 CCD=0000010000014af0 CCO=EFLAGS
EFER=0000000000000d00
Servicing hardware INT=0x20
    42: v=20 e=0000 i=0 cpl=0 IP=0008:00000080001edbd6 pc=00000080001edbd6 SP=0000:0000010000014800 env->regs[R_EAX]=000000800005a8a0
RAX=000000800005a8a0 RBX=0000000000004f98 RCX=000000800005a8e0 RDX=000000800005a898
RSI=000000800005a898 RDI=00000100000148a8 RBP=0000000000000000 RSP=0000010000014800
R8 =0000000000000002 R9 =0000000000000003 R10=0000010000014d40 R11=00000000001524e8
R12=0000000000006288 R13=0000000000007608 R14=0000028000000000 R15=00000000000077d8
RIP=00000080001edbd6 RFL=00000246 [---Z-P-] CPL=0 II=0 A20=1 SMM=0 HLT=0
ES =0010 0000000000000000 ffffffff 00cf9300 DPL=0 DS   [-WA]
CS =0008 0000000000000000 ffffffff 00af9b00 DPL=0 CS64 [-RA]
SS =0000 0000000000000000 ffffffff 00c09300 DPL=0 DS   [-WA]
DS =0010 0000000000000000 ffffffff 00cf9300 DPL=0 DS   [-WA]
FS =0000 0000000000000000 0000ffff 00009300 DPL=0 DS   [-WA]
GS =0000 0000000000000000 0000ffff 00009300 DPL=0 DS   [-WA]
LDT=0000 0000000000000000 0000ffff 00008200 DPL=0 LDT
TR =0010 00000080002b4e30 00000067 00008900 DPL=0 TSS64-avl
GDT=     00000080002b4ea0 0000001f
IDT=     00000080002b4f20 00000fff
CR0=80010011 CR2=0000000000000000 CR3=0000000001589000 CR4=00000020
DR0=0000000000000000 DR1=0000000000000000 DR2=0000000000000000 DR3=0000000000000000 
DR6=00000000ffff0ff0 DR7=0000000000000400
CCS=0000000000000044 CCD=0000000000000000 CCO=EFLAGS
EFER=0000000000000d00
Servicing hardware INT=0x20
    43: v=20 e=0000 i=0 cpl=0 IP=0008:000000800009eff7 pc=000000800009eff7 SP=0000:0000010000014850 env->regs[R_EAX]=0000000000000000
RAX=0000000000000000 RBX=0000000000004f98 RCX=0000000000000001 RDX=0000000000000010
RSI=0000000000000010 RDI=0000444444441840 RBP=0000000000000000 RSP=0000010000014850
R8 =0000000000000010 R9 =0000000000000180 R10=0000010000014d40 R11=00000000001524e8
R12=0000000000006288 R13=0000000000007608 R14=0000028000000000 R15=00000000000077d8
RIP=000000800009eff7 RFL=00000246 [---Z-P-] CPL=0 II=0 A20=1 SMM=0 HLT=0
ES =0010 0000000000000000 ffffffff 00cf9300 DPL=0 DS   [-WA]
CS =0008 0000000000000000 ffffffff 00af9b00 DPL=0 CS64 [-RA]
SS =0000 0000000000000000 ffffffff 00c09300 DPL=0 DS   [-WA]
DS =0010 0000000000000000 ffffffff 00cf9300 DPL=0 DS   [-WA]
FS =0000 0000000000000000 0000ffff 00009300 DPL=0 DS   [-WA]
GS =0000 0000000000000000 0000ffff 00009300 DPL=0 DS   [-WA]
LDT=0000 0000000000000000 0000ffff 00008200 DPL=0 LDT
TR =0010 00000080002b4e30 00000067 00008900 DPL=0 TSS64-avl
GDT=     00000080002b4ea0 0000001f
IDT=     00000080002b4f20 00000fff
CR0=80010011 CR2=0000000000000000 CR3=0000000001589000 CR4=00000020
DR0=0000000000000000 DR1=0000000000000000 DR2=0000000000000000 DR3=0000000000000000 
DR6=00000000ffff0ff0 DR7=0000000000000400
CCS=0000000000000000 CCD=0000000000000000 CCO=SUBQ
EFER=0000000000000d00
Servicing hardware INT=0x20
    44: v=20 e=0000 i=0 cpl=0 IP=0008:00000080000860b0 pc=00000080000860b0 SP=0000:0000010000014928 env->regs[R_EAX]=00000080000860b0
RAX=00000080000860b0 RBX=0000000000004f98 RCX=0000000000000030 RDX=0000000000000000
RSI=0000000000000008 RDI=0000010000014a28 RBP=0000000000000000 RSP=0000010000014928
R8 =0000000000000002 R9 =0000000000000180 R10=0000010000014d40 R11=00000000001524e8
R12=0000000000006288 R13=0000000000007608 R14=0000028000000000 R15=00000000000077d8
RIP=00000080000860b0 RFL=00000246 [---Z-P-] CPL=0 II=0 A20=1 SMM=0 HLT=0
ES =0010 0000000000000000 ffffffff 00cf9300 DPL=0 DS   [-WA]
CS =0008 0000000000000000 ffffffff 00af9b00 DPL=0 CS64 [-RA]
SS =0000 0000000000000000 ffffffff 00c09300 DPL=0 DS   [-WA]
DS =0010 0000000000000000 ffffffff 00cf9300 DPL=0 DS   [-WA]
FS =0000 0000000000000000 0000ffff 00009300 DPL=0 DS   [-WA]
GS =0000 0000000000000000 0000ffff 00009300 DPL=0 DS   [-WA]
LDT=0000 0000000000000000 0000ffff 00008200 DPL=0 LDT
TR =0010 00000080002b4e30 00000067 00008900 DPL=0 TSS64-avl
GDT=     00000080002b4ea0 0000001f
IDT=     00000080002b4f20 00000fff
CR0=80010011 CR2=0000000000000000 CR3=0000000001589000 CR4=00000020
DR0=0000000000000000 DR1=0000000000000000 DR2=0000000000000000 DR3=0000000000000000 
DR6=00000000ffff0ff0 DR7=0000000000000400
CCS=0000000000000044 CCD=0000010000014930 CCO=EFLAGS
EFER=0000000000000d00
Servicing hardware INT=0x20
    45: v=20 e=0000 i=0 cpl=0 IP=0008:0000008000083456 pc=0000008000083456 SP=0000:0000010000012d10 env->regs[R_EAX]=0000444444441980
RAX=0000444444441980 RBX=0000000000004f98 RCX=0000444444441990 RDX=0000000000000003
RSI=0000444444441980 RDI=0000010000012d38 RBP=0000000000000000 RSP=0000010000012d10
R8 =0000000000000040 R9 =0000000000000001 R10=0000010000014d40 R11=00000000001524e8
R12=0000000000006288 R13=0000000000007608 R14=0000028000000000 R15=00000000000077d8
RIP=0000008000083456 RFL=00000202 [-------] CPL=0 II=0 A20=1 SMM=0 HLT=0
ES =0010 0000000000000000 ffffffff 00cf9300 DPL=0 DS   [-WA]
CS =0008 0000000000000000 ffffffff 00af9b00 DPL=0 CS64 [-RA]
SS =0000 0000000000000000 ffffffff 00c09300 DPL=0 DS   [-WA]
DS =0010 0000000000000000 ffffffff 00cf9300 DPL=0 DS   [-WA]
FS =0000 0000000000000000 0000ffff 00009300 DPL=0 DS   [-WA]
GS =0000 0000000000000000 0000ffff 00009300 DPL=0 DS   [-WA]
LDT=0000 0000000000000000 0000ffff 00008200 DPL=0 LDT
TR =0010 00000080002b4e30 00000067 00008900 DPL=0 TSS64-avl
GDT=     00000080002b4ea0 0000001f
IDT=     00000080002b4f20 00000fff
CR0=80010011 CR2=0000000000000000 CR3=0000000001589000 CR4=00000020
DR0=0000000000000000 DR1=0000000000000000 DR2=0000000000000000 DR3=0000000000000000 
DR6=00000000ffff0ff0 DR7=0000000000000400
CCS=0000000000000000 CCD=0000010000012d08 CCO=EFLAGS
EFER=0000000000000d00
Servicing hardware INT=0x20
    46: v=20 e=0000 i=0 cpl=0 IP=0008:00000080000d4338 pc=00000080000d4338 SP=0000:0000010000012600 env->regs[R_EAX]=00000080000a2b20
RAX=00000080000a2b20 RBX=0000000000004f98 RCX=000000800007af00 RDX=0000000000000001
RSI=0000000000000000 RDI=00000080002afdb8 RBP=0000000000000000 RSP=0000010000012600
R8 =0000000000000002 R9 =0000000000000001 R10=0000010000014d40 R11=00000000001524e8
R12=0000000000006288 R13=0000000000007608 R14=0000028000000000 R15=00000000000077d8
RIP=00000080000d4338 RFL=00000202 [-------] CPL=0 II=0 A20=1 SMM=0 HLT=0
ES =0010 0000000000000000 ffffffff 00cf9300 DPL=0 DS   [-WA]
CS =0008 0000000000000000 ffffffff 00af9b00 DPL=0 CS64 [-RA]
SS =0000 0000000000000000 ffffffff 00c09300 DPL=0 DS   [-WA]
DS =0010 0000000000000000 ffffffff 00cf9300 DPL=0 DS   [-WA]
FS =0000 0000000000000000 0000ffff 00009300 DPL=0 DS   [-WA]
GS =0000 0000000000000000 0000ffff 00009300 DPL=0 DS   [-WA]
LDT=0000 0000000000000000 0000ffff 00008200 DPL=0 LDT
TR =0010 00000080002b4e30 00000067 00008900 DPL=0 TSS64-avl
GDT=     00000080002b4ea0 0000001f
IDT=     00000080002b4f20 00000fff
CR0=80010011 CR2=0000000000000000 CR3=0000000001589000 CR4=00000020
DR0=0000000000000000 DR1=0000000000000000 DR2=0000000000000000 DR3=0000000000000000 
DR6=00000000ffff0ff0 DR7=0000000000000400
CCS=0000000000000000 CCD=00000100000125f8 CCO=EFLAGS
EFER=0000000000000d00
Servicing hardware INT=0x20
    47: v=20 e=0000 i=0 cpl=0 IP=0008:0000008000087796 pc=0000008000087796 SP=0000:0000010000011de0 env->regs[R_EAX]=000000800005a898
RAX=000000800005a898 RBX=0000000000004f98 RCX=0000008000219550 RDX=000000800005a8e0
RSI=0000000000000009 RDI=000000800005a898 RBP=0000000000000000 RSP=0000010000011de0
R8 =0000000000000002 R9 =0000000000000001 R10=0000010000014d40 R11=00000000001524e8
R12=0000000000006288 R13=0000000000007608 R14=0000028000000000 R15=00000000000077d8
RIP=0000008000087796 RFL=00000202 [-------] CPL=0 II=0 A20=1 SMM=0 HLT=0
ES =0010 0000000000000000 ffffffff 00cf9300 DPL=0 DS   [-WA]
CS =0008 0000000000000000 ffffffff 00af9b00 DPL=0 CS64 [-RA]
SS =0000 0000000000000000 ffffffff 00c09300 DPL=0 DS   [-WA]
DS =0010 0000000000000000 ffffffff 00cf9300 DPL=0 DS   [-WA]
FS =0000 0000000000000000 0000ffff 00009300 DPL=0 DS   [-WA]
GS =0000 0000000000000000 0000ffff 00009300 DPL=0 DS   [-WA]
LDT=0000 0000000000000000 0000ffff 00008200 DPL=0 LDT
TR =0010 00000080002b4e30 00000067 00008900 DPL=0 TSS64-avl
GDT=     00000080002b4ea0 0000001f
IDT=     00000080002b4f20 00000fff
CR0=80010011 CR2=0000000000000000 CR3=0000000001589000 CR4=00000020
DR0=0000000000000000 DR1=0000000000000000 DR2=0000000000000000 DR3=0000000000000000 
DR6=00000000ffff0ff0 DR7=0000000000000400
CCS=0000000000000000 CCD=0000010000011dc8 CCO=EFLAGS
EFER=0000000000000d00
Servicing hardware INT=0x20
    48: v=20 e=0000 i=0 cpl=0 IP=0008:00000080000d493c pc=00000080000d493c SP=0000:0000010000012600 env->regs[R_EAX]=00000080000a2b20
RAX=00000080000a2b20 RBX=0000000000004f98 RCX=000000800007af00 RDX=0000000000000001
RSI=0000000000000000 RDI=00000080002afdb8 RBP=0000000000000000 RSP=0000010000012600
R8 =0000000000000002 R9 =00000000000001c0 R10=0000010000014d40 R11=00000000001524e8
R12=0000000000006288 R13=0000000000007608 R14=0000028000000000 R15=00000000000077d8
RIP=00000080000d493c RFL=00000202 [-------] CPL=0 II=0 A20=1 SMM=0 HLT=0
ES =0010 0000000000000000 ffffffff 00cf9300 DPL=0 DS   [-WA]
CS =0008 0000000000000000 ffffffff 00af9b00 DPL=0 CS64 [-RA]
SS =0000 0000000000000000 ffffffff 00c09300 DPL=0 DS   [-WA]
DS =0010 0000000000000000 ffffffff 00cf9300 DPL=0 DS   [-WA]
FS =0000 0000000000000000 0000ffff 00009300 DPL=0 DS   [-WA]
GS =0000 0000000000000000 0000ffff 00009300 DPL=0 DS   [-WA]
LDT=0000 0000000000000000 0000ffff 00008200 DPL=0 LDT
TR =0010 00000080002b4e30 00000067 00008900 DPL=0 TSS64-avl
GDT=     00000080002b4ea0 0000001f
IDT=     00000080002b4f20 00000fff
CR0=80010011 CR2=0000000000000000 CR3=0000000001589000 CR4=00000020
DR0=0000000000000000 DR1=0000000000000000 DR2=0000000000000000 DR3=0000000000000000 
DR6=00000000ffff0ff0 DR7=0000000000000400
CCS=0000000000000048 CCD=00000100000125f8 CCO=ADDQ
EFER=0000000000000d00
Servicing hardware INT=0x20
    49: v=20 e=0000 i=0 cpl=0 IP=0008:000000800010239e pc=000000800010239e SP=0000:000001000000e880 env->regs[R_EAX]=00000080000a2b20
RAX=00000080000a2b20 RBX=0000000000004f98 RCX=000000800007af00 RDX=0000000000000001
RSI=0000000000000000 RDI=00000080002afdb8 RBP=0000000000000000 RSP=000001000000e880
R8 =0000000000000002 R9 =0000000000000001 R10=0000010000014d40 R11=00000000001524e8
R12=0000000000006288 R13=0000000000007608 R14=0000028000000000 R15=00000000000077d8
RIP=000000800010239e RFL=00000206 [-----P-] CPL=0 II=0 A20=1 SMM=0 HLT=0
ES =0010 0000000000000000 ffffffff 00cf9300 DPL=0 DS   [-WA]
CS =0008 0000000000000000 ffffffff 00af9b00 DPL=0 CS64 [-RA]
SS =0000 0000000000000000 ffffffff 00c09300 DPL=0 DS   [-WA]
DS =0010 0000000000000000 ffffffff 00cf9300 DPL=0 DS   [-WA]
FS =0000 0000000000000000 0000ffff 00009300 DPL=0 DS   [-WA]
GS =0000 0000000000000000 0000ffff 00009300 DPL=0 DS   [-WA]
LDT=0000 0000000000000000 0000ffff 00008200 DPL=0 LDT
TR =0010 00000080002b4e30 00000067 00008900 DPL=0 TSS64-avl
GDT=     00000080002b4ea0 0000001f
IDT=     00000080002b4f20 00000fff
CR0=80010011 CR2=0000000000000000 CR3=0000000001589000 CR4=00000020
DR0=0000000000000000 DR1=0000000000000000 DR2=0000000000000000 DR3=0000000000000000 
DR6=00000000ffff0ff0 DR7=0000000000000400
CCS=0000000000000048 CCD=000001000000e878 CCO=ADDQ
EFER=0000000000000d00
Servicing hardware INT=0x20
    50: v=20 e=0000 i=0 cpl=0 IP=0008:000000800024de4f pc=000000800024de4f SP=0000:000001000000d977 env->regs[R_EAX]=0000000000000000
RAX=0000000000000000 RBX=0000000000004f98 RCX=0000000000000000 RDX=0000010000012cbc
RSI=0000000000000001 RDI=00000100000126a8 RBP=0000000000000000 RSP=000001000000d977
R8 =0000000000000002 R9 =0000000000000001 R10=0000010000014d40 R11=00000000001524e8
R12=0000000000006288 R13=0000000000007608 R14=0000028000000000 R15=00000000000077d8
RIP=000000800024de4f RFL=00000297 [--S-APC] CPL=0 II=0 A20=1 SMM=0 HLT=0
ES =0010 0000000000000000 ffffffff 00cf9300 DPL=0 DS   [-WA]
CS =0008 0000000000000000 ffffffff 00af9b00 DPL=0 CS64 [-RA]
SS =0000 0000000000000000 ffffffff 00c09300 DPL=0 DS   [-WA]
DS =0010 0000000000000000 ffffffff 00cf9300 DPL=0 DS   [-WA]
FS =0000 0000000000000000 0000ffff 00009300 DPL=0 DS   [-WA]
GS =0000 0000000000000000 0000ffff 00009300 DPL=0 DS   [-WA]
LDT=0000 0000000000000000 0000ffff 00008200 DPL=0 LDT
TR =0010 00000080002b4e30 00000067 00008900 DPL=0 TSS64-avl
GDT=     00000080002b4ea0 0000001f
IDT=     00000080002b4f20 00000fff
CR0=80010011 CR2=0000000000000000 CR3=0000000001589000 CR4=00000020
DR0=0000000000000000 DR1=0000000000000000 DR2=0000000000000000 DR3=0000000000000000 
DR6=00000000ffff0ff0 DR7=0000000000000400
CCS=0000000000000095 CCD=ffffffffffffffff CCO=EFLAGS
EFER=0000000000000d00
Servicing hardware INT=0x20
    51: v=20 e=0000 i=0 cpl=0 IP=0008:00000080001025f2 pc=00000080001025f2 SP=0000:000001000000e880 env->regs[R_EAX]=00000080001025f2
RAX=00000080001025f2 RBX=0000000000004f98 RCX=0000008000060d28 RDX=0000000000000001
RSI=0000000000000000 RDI=00000080002afdb8 RBP=0000000000000000 RSP=000001000000e880
R8 =0000000000000002 R9 =0000000000000001 R10=0000010000014d40 R11=00000000001524e8
R12=0000000000006288 R13=0000000000007608 R14=0000028000000000 R15=00000000000077d8
RIP=00000080001025f2 RFL=00000212 [----A--] CPL=0 II=0 A20=1 SMM=0 HLT=0
ES =0010 0000000000000000 ffffffff 00cf9300 DPL=0 DS   [-WA]
CS =0008 0000000000000000 ffffffff 00af9b00 DPL=0 CS64 [-RA]
SS =0000 0000000000000000 ffffffff 00c09300 DPL=0 DS   [-WA]
DS =0010 0000000000000000 ffffffff 00cf9300 DPL=0 DS   [-WA]
FS =0000 0000000000000000 0000ffff 00009300 DPL=0 DS   [-WA]
GS =0000 0000000000000000 0000ffff 00009300 DPL=0 DS   [-WA]
LDT=0000 0000000000000000 0000ffff 00008200 DPL=0 LDT
TR =0010 00000080002b4e30 00000067 00008900 DPL=0 TSS64-avl
GDT=     00000080002b4ea0 0000001f
IDT=     00000080002b4f20 00000fff
CR0=80010011 CR2=0000000000000000 CR3=0000000001589000 CR4=00000020
DR0=0000000000000000 DR1=0000000000000000 DR2=0000000000000000 DR3=0000000000000000 
DR6=00000000ffff0ff0 DR7=0000000000000400
CCS=0000008000060d28 CCD=00000080001025f2 CCO=ADDQ
EFER=0000000000000d00
Servicing hardware INT=0x20
    52: v=20 e=0000 i=0 cpl=0 IP=0008:000000800022c888 pc=000000800022c888 SP=0000:000001000000d880 env->regs[R_EAX]=0000000000000000
RAX=0000000000000000 RBX=0000000000004f98 RCX=000001000000d87f RDX=000001000000e658
RSI=000001000000d8d8 RDI=000001000000d8c8 RBP=0000000000000000 RSP=000001000000d880
R8 =0000000000000010 R9 =000044444444522a R10=0000010000014d40 R11=00000000001524e8
R12=0000000000006288 R13=0000000000007608 R14=0000028000000000 R15=00000000000077d8
RIP=000000800022c888 RFL=00000246 [---Z-P-] CPL=0 II=0 A20=1 SMM=0 HLT=0
ES =0010 0000000000000000 ffffffff 00cf9300 DPL=0 DS   [-WA]
CS =0008 0000000000000000 ffffffff 00af9b00 DPL=0 CS64 [-RA]
SS =0000 0000000000000000 ffffffff 00c09300 DPL=0 DS   [-WA]
DS =0010 0000000000000000 ffffffff 00cf9300 DPL=0 DS   [-WA]
FS =0000 0000000000000000 0000ffff 00009300 DPL=0 DS   [-WA]
GS =0000 0000000000000000 0000ffff 00009300 DPL=0 DS   [-WA]
LDT=0000 0000000000000000 0000ffff 00008200 DPL=0 LDT
TR =0010 00000080002b4e30 00000067 00008900 DPL=0 TSS64-avl
GDT=     00000080002b4ea0 0000001f
IDT=     00000080002b4f20 00000fff
CR0=80010011 CR2=0000000000000000 CR3=0000000001589000 CR4=00000020
DR0=0000000000000000 DR1=0000000000000000 DR2=0000000000000000 DR3=0000000000000000 
DR6=00000000ffff0ff0 DR7=0000000000000400
CCS=0000000000000044 CCD=0000000000000000 CCO=EFLAGS
EFER=0000000000000d00
Servicing hardware INT=0x20
    53: v=20 e=0000 i=0 cpl=0 IP=0008:000000800009eff7 pc=000000800009eff7 SP=0000:000001000000e0f0 env->regs[R_EAX]=0000000000000000
RAX=0000000000000000 RBX=0000000000000009 RCX=0000000000000001 RDX=0000000000000010
RSI=0000000000000010 RDI=0000444444448500 RBP=000001000000e240 RSP=000001000000e0f0
R8 =0000000000000010 R9 =0000000000000001 R10=000000800007c692 R11=8080808080808080
R12=0000000000006288 R13=0000000000000001 R14=000001000000e278 R15=0000444444447bc0
RIP=000000800009eff7 RFL=00000246 [---Z-P-] CPL=0 II=0 A20=1 SMM=0 HLT=0
ES =0010 0000000000000000 ffffffff 00cf9300 DPL=0 DS   [-WA]
CS =0008 0000000000000000 ffffffff 00af9b00 DPL=0 CS64 [-RA]
SS =0000 0000000000000000 ffffffff 00c09300 DPL=0 DS   [-WA]
DS =0010 0000000000000000 ffffffff 00cf9300 DPL=0 DS   [-WA]
FS =0000 0000000000000000 0000ffff 00009300 DPL=0 DS   [-WA]
GS =0000 0000000000000000 0000ffff 00009300 DPL=0 DS   [-WA]
LDT=0000 0000000000000000 0000ffff 00008200 DPL=0 LDT
TR =0010 00000080002b4e30 00000067 00008900 DPL=0 TSS64-avl
GDT=     00000080002b4ea0 0000001f
IDT=     00000080002b4f20 00000fff
CR0=80010011 CR2=0000000000000000 CR3=0000000001589000 CR4=00000020
DR0=0000000000000000 DR1=0000000000000000 DR2=0000000000000000 DR3=0000000000000000 
DR6=00000000ffff0ff0 DR7=0000000000000400
CCS=0000000000000000 CCD=0000000000000000 CCO=SUBQ
EFER=0000000000000d00
Servicing hardware INT=0x20
    54: v=20 e=0000 i=0 cpl=0 IP=0008:00000080000877b3 pc=00000080000877b3 SP=0000:000001000000e060 env->regs[R_EAX]=0000000000000001
RAX=0000000000000001 RBX=0000000000004f98 RCX=000001000000e070 RDX=0000000000000001
RSI=000000800005a8a0 RDI=0000000000000001 RBP=0000000000000000 RSP=000001000000e060
R8 =0000000000000002 R9 =0000000000000001 R10=0000000000000000 R11=8080808080808080
R12=0000000000006288 R13=0000000000007608 R14=0000028000000000 R15=00000000000077d8
RIP=00000080000877b3 RFL=00000202 [-------] CPL=0 II=0 A20=1 SMM=0 HLT=0
ES =0010 0000000000000000 ffffffff 00cf9300 DPL=0 DS   [-WA]
CS =0008 0000000000000000 ffffffff 00af9b00 DPL=0 CS64 [-RA]
SS =0000 0000000000000000 ffffffff 00c09300 DPL=0 DS   [-WA]
DS =0010 0000000000000000 ffffffff 00cf9300 DPL=0 DS   [-WA]
FS =0000 0000000000000000 0000ffff 00009300 DPL=0 DS   [-WA]
GS =0000 0000000000000000 0000ffff 00009300 DPL=0 DS   [-WA]
LDT=0000 0000000000000000 0000ffff 00008200 DPL=0 LDT
TR =0010 00000080002b4e30 00000067 00008900 DPL=0 TSS64-avl
GDT=     00000080002b4ea0 0000001f
IDT=     00000080002b4f20 00000fff
CR0=80010011 CR2=0000000000000000 CR3=0000000001589000 CR4=00000020
DR0=0000000000000000 DR1=0000000000000000 DR2=0000000000000000 DR3=0000000000000000 
DR6=00000000ffff0ff0 DR7=0000000000000400
CCS=0000000000000000 CCD=000001000000e058 CCO=EFLAGS
EFER=0000000000000d00
Servicing hardware INT=0x20
    55: v=20 e=0000 i=0 cpl=0 IP=0008:000000800009e96a pc=000000800009e96a SP=0000:000001000000d520 env->regs[R_EAX]=000044444444a920
RAX=000044444444a920 RBX=0000000000004f98 RCX=0000000000000000 RDX=0000000000008f20
RSI=000001000000d5c0 RDI=000044444444a920 RBP=0000000000000000 RSP=000001000000d520
R8 =0000000000000100 R9 =0000444444445c77 R10=0000000000000000 R11=8080808080808080
R12=0000000000006288 R13=0000000000007608 R14=0000028000000000 R15=00000000000077d8
RIP=000000800009e96a RFL=00000202 [-------] CPL=0 II=0 A20=1 SMM=0 HLT=0
ES =0010 0000000000000000 ffffffff 00cf9300 DPL=0 DS   [-WA]
CS =0008 0000000000000000 ffffffff 00af9b00 DPL=0 CS64 [-RA]
SS =0000 0000000000000000 ffffffff 00c09300 DPL=0 DS   [-WA]
DS =0010 0000000000000000 ffffffff 00cf9300 DPL=0 DS   [-WA]
FS =0000 0000000000000000 0000ffff 00009300 DPL=0 DS   [-WA]
GS =0000 0000000000000000 0000ffff 00009300 DPL=0 DS   [-WA]
LDT=0000 0000000000000000 0000ffff 00008200 DPL=0 LDT
TR =0010 00000080002b4e30 00000067 00008900 DPL=0 TSS64-avl
GDT=     00000080002b4ea0 0000001f
IDT=     00000080002b4f20 00000fff
CR0=80010011 CR2=0000000000000000 CR3=0000000001589000 CR4=00000020
DR0=0000000000000000 DR1=0000000000000000 DR2=0000000000000000 DR3=0000000000000000 
DR6=00000000ffff0ff0 DR7=0000000000000400
CCS=0000000000000000 CCD=000001000000d520 CCO=EFLAGS
EFER=0000000000000d00
Servicing hardware INT=0x20
    56: v=20 e=0000 i=0 cpl=0 IP=0008:000000800026b52c pc=000000800026b52c SP=0000:00000100000114d0 env->regs[R_EAX]=0000444444447900
RAX=0000444444447900 RBX=0000000000004f98 RCX=0000008000084b60 RDX=0000000000000001
RSI=0000000000000000 RDI=0000444444447900 RBP=0000000000000000 RSP=00000100000114d0
R8 =0000000000000002 R9 =0000000000000000 R10=0000000000000000 R11=00004444444479c0
R12=0000000000006288 R13=0000000000007608 R14=0000028000000000 R15=00000000000077d8
RIP=000000800026b52c RFL=00000206 [-----P-] CPL=0 II=0 A20=1 SMM=0 HLT=0
ES =0010 0000000000000000 ffffffff 00cf9300 DPL=0 DS   [-WA]
CS =0008 0000000000000000 ffffffff 00af9b00 DPL=0 CS64 [-RA]
SS =0000 0000000000000000 ffffffff 00c09300 DPL=0 DS   [-WA]
DS =0010 0000000000000000 ffffffff 00cf9300 DPL=0 DS   [-WA]
FS =0000 0000000000000000 0000ffff 00009300 DPL=0 DS   [-WA]
GS =0000 0000000000000000 0000ffff 00009300 DPL=0 DS   [-WA]
LDT=0000 0000000000000000 0000ffff 00008200 DPL=0 LDT
TR =0010 00000080002b4e30 00000067 00008900 DPL=0 TSS64-avl
GDT=     00000080002b4ea0 0000001f
IDT=     00000080002b4f20 00000fff
CR0=80010011 CR2=0000000000000000 CR3=0000000001589000 CR4=00000020
DR0=0000000000000000 DR1=0000000000000000 DR2=0000000000000000 DR3=0000000000000000 
DR6=00000000ffff0ff0 DR7=0000000000000400
CCS=0000000000000004 CCD=0000444444447900 CCO=EFLAGS
EFER=0000000000000d00
Servicing hardware INT=0x20
    57: v=20 e=0000 i=0 cpl=0 IP=0008:0000008000084500 pc=0000008000084500 SP=0000:0000010000006e18 env->regs[R_EAX]=0000008000084500
RAX=0000008000084500 RBX=0000000000004f98 RCX=0000000000000000 RDX=0000000000000020
RSI=0000000000000010 RDI=00000080002afdb8 RBP=0000000000000000 RSP=0000010000006e18
R8 =0000000000000002 R9 =0000000000000000 R10=0000000000000008 R11=0000010000007c48
R12=0000000000006288 R13=0000000000007608 R14=0000028000000000 R15=00000000000077d8
RIP=0000008000084500 RFL=00000206 [-----P-] CPL=0 II=0 A20=1 SMM=0 HLT=0
ES =0010 0000000000000000 ffffffff 00cf9300 DPL=0 DS   [-WA]
CS =0008 0000000000000000 ffffffff 00af9b00 DPL=0 CS64 [-RA]
SS =0000 0000000000000000 ffffffff 00c09300 DPL=0 DS   [-WA]
DS =0010 0000000000000000 ffffffff 00cf9300 DPL=0 DS   [-WA]
FS =0000 0000000000000000 0000ffff 00009300 DPL=0 DS   [-WA]
GS =0000 0000000000000000 0000ffff 00009300 DPL=0 DS   [-WA]
LDT=0000 0000000000000000 0000ffff 00008200 DPL=0 LDT
TR =0010 00000080002b4e30 00000067 00008900 DPL=0 TSS64-avl
GDT=     00000080002b4ea0 0000001f
IDT=     00000080002b4f20 00000fff
CR0=80010011 CR2=0000000000000000 CR3=0000000001589000 CR4=00000020
DR0=0000000000000000 DR1=0000000000000000 DR2=0000000000000000 DR3=0000000000000000 
DR6=00000000ffff0ff0 DR7=0000000000000400
CCS=0000000000000004 CCD=0000010000006e30 CCO=EFLAGS
EFER=0000000000000d00
Servicing hardware INT=0x20
    58: v=20 e=0000 i=0 cpl=0 IP=0008:00000080000d9690 pc=00000080000d9690 SP=0000:0000010000007338 env->regs[R_EAX]=00000080000d9690
RAX=00000080000d9690 RBX=0000000000004f98 RCX=0000000000000000 RDX=000044444444d150
RSI=000044444444d138 RDI=0000010000013210 RBP=0000000000000000 RSP=0000010000007338
R8 =0000008000285dd8 R9 =0000000000000000 R10=0000000000000008 R11=0000010000007c48
R12=0000000000006288 R13=0000000000007608 R14=0000028000000000 R15=00000000000077d8
RIP=00000080000d9690 RFL=00000202 [-------] CPL=0 II=0 A20=1 SMM=0 HLT=0
ES =0010 0000000000000000 ffffffff 00cf9300 DPL=0 DS   [-WA]
CS =0008 0000000000000000 ffffffff 00af9b00 DPL=0 CS64 [-RA]
SS =0000 0000000000000000 ffffffff 00c09300 DPL=0 DS   [-WA]
DS =0010 0000000000000000 ffffffff 00cf9300 DPL=0 DS   [-WA]
FS =0000 0000000000000000 0000ffff 00009300 DPL=0 DS   [-WA]
GS =0000 0000000000000000 0000ffff 00009300 DPL=0 DS   [-WA]
LDT=0000 0000000000000000 0000ffff 00008200 DPL=0 LDT
TR =0010 00000080002b4e30 00000067 00008900 DPL=0 TSS64-avl
GDT=     00000080002b4ea0 0000001f
IDT=     00000080002b4f20 00000fff
CR0=80010011 CR2=0000000000000000 CR3=0000000001589000 CR4=00000020
DR0=0000000000000000 DR1=0000000000000000 DR2=0000000000000000 DR3=0000000000000000 
DR6=00000000ffff0ff0 DR7=0000000000000400
CCS=0000000000000000 CCD=0000010000013210 CCO=EFLAGS
EFER=0000000000000d00
Servicing hardware INT=0x20
    59: v=20 e=0000 i=0 cpl=0 IP=0008:000000800009a100 pc=000000800009a100 SP=0000:0000010000007068 env->regs[R_EAX]=0000008000088c01
RAX=0000008000088c01 RBX=0000000000004f98 RCX=0000000000000000 RDX=0000000000000001
RSI=0000000000000000 RDI=00000080002b4ef8 RBP=0000000000000000 RSP=0000010000007068
R8 =0000000000000002 R9 =0000000000000000 R10=0000000000000008 R11=0000010000007c48
R12=0000000000006288 R13=0000000000007608 R14=0000028000000000 R15=00000000000077d8
RIP=000000800009a100 RFL=00000246 [---Z-P-] CPL=0 II=0 A20=1 SMM=0 HLT=0
ES =0010 0000000000000000 ffffffff 00cf9300 DPL=0 DS   [-WA]
CS =0008 0000000000000000 ffffffff 00af9b00 DPL=0 CS64 [-RA]
SS =0000 0000000000000000 ffffffff 00c09300 DPL=0 DS   [-WA]
DS =0010 0000000000000000 ffffffff 00cf9300 DPL=0 DS   [-WA]
FS =0000 0000000000000000 0000ffff 00009300 DPL=0 DS   [-WA]
GS =0000 0000000000000000 0000ffff 00009300 DPL=0 DS   [-WA]
LDT=0000 0000000000000000 0000ffff 00008200 DPL=0 LDT
TR =0010 00000080002b4e30 00000067 00008900 DPL=0 TSS64-avl
GDT=     00000080002b4ea0 0000001f
IDT=     00000080002b4f20 00000fff
CR0=80010011 CR2=0000000000000000 CR3=0000000001589000 CR4=00000020
DR0=0000000000000000 DR1=0000000000000000 DR2=0000000000000000 DR3=0000000000000000 
DR6=00000000ffff0ff0 DR7=0000000000000400
CCS=0000000000000044 CCD=00000080002b4efc CCO=EFLAGS
EFER=0000000000000d00
Servicing hardware INT=0x20
    60: v=20 e=0000 i=0 cpl=0 IP=0008:00000080000ce9b8 pc=00000080000ce9b8 SP=0000:00000100000074e0 env->regs[R_EAX]=0000444444477700
RAX=0000444444477700 RBX=0000000000004f98 RCX=0000000000000000 RDX=0000444444477700
RSI=000000800005edaf RDI=0000444444477700 RBP=0000000000000000 RSP=00000100000074e0
R8 =0000000000000002 R9 =0000000000000000 R10=0000000000000008 R11=0000010000007c48
R12=0000000000006288 R13=0000000000007608 R14=0000028000000000 R15=00000000000077d8
RIP=00000080000ce9b8 RFL=00000206 [-----P-] CPL=0 II=0 A20=1 SMM=0 HLT=0
ES =0010 0000000000000000 ffffffff 00cf9300 DPL=0 DS   [-WA]
CS =0008 0000000000000000 ffffffff 00af9b00 DPL=0 CS64 [-RA]
SS =0000 0000000000000000 ffffffff 00c09300 DPL=0 DS   [-WA]
DS =0010 0000000000000000 ffffffff 00cf9300 DPL=0 DS   [-WA]
FS =0000 0000000000000000 0000ffff 00009300 DPL=0 DS   [-WA]
GS =0000 0000000000000000 0000ffff 00009300 DPL=0 DS   [-WA]
LDT=0000 0000000000000000 0000ffff 00008200 DPL=0 LDT
TR =0010 00000080002b4e30 00000067 00008900 DPL=0 TSS64-avl
GDT=     00000080002b4ea0 0000001f
IDT=     00000080002b4f20 00000fff
CR0=80010011 CR2=0000000000000000 CR3=0000000001589000 CR4=00000020
DR0=0000000000000000 DR1=0000000000000000 DR2=0000000000000000 DR3=0000000000000000 
DR6=00000000ffff0ff0 DR7=0000000000000400
CCS=0000000000000004 CCD=00000100000074d8 CCO=EFLAGS
EFER=0000000000000d00
Servicing hardware INT=0x20
    61: v=20 e=0000 i=0 cpl=0 IP=0008:00000080000e24d7 pc=00000080000e24d7 SP=0000:0000010000007510 env->regs[R_EAX]=0000010000007598
RAX=0000010000007598 RBX=0000000000004f98 RCX=0000000000000000 RDX=0000000000000001
RSI=0000010000007380 RDI=0000010000007598 RBP=0000000000000000 RSP=0000010000007510
R8 =0000000000000002 R9 =0000000000000000 R10=0000000000000008 R11=0000010000007c48
R12=0000000000006288 R13=0000000000007608 R14=0000028000000000 R15=00000000000077d8
RIP=00000080000e24d7 RFL=00000246 [---Z-P-] CPL=0 II=0 A20=1 SMM=0 HLT=0
ES =0010 0000000000000000 ffffffff 00cf9300 DPL=0 DS   [-WA]
CS =0008 0000000000000000 ffffffff 00af9b00 DPL=0 CS64 [-RA]
SS =0000 0000000000000000 ffffffff 00c09300 DPL=0 DS   [-WA]
DS =0010 0000000000000000 ffffffff 00cf9300 DPL=0 DS   [-WA]
FS =0000 0000000000000000 0000ffff 00009300 DPL=0 DS   [-WA]
GS =0000 0000000000000000 0000ffff 00009300 DPL=0 DS   [-WA]
LDT=0000 0000000000000000 0000ffff 00008200 DPL=0 LDT
TR =0010 00000080002b4e30 00000067 00008900 DPL=0 TSS64-avl
GDT=     00000080002b4ea0 0000001f
IDT=     00000080002b4f20 00000fff
CR0=80010011 CR2=0000000000000000 CR3=0000000001589000 CR4=00000020
DR0=0000000000000000 DR1=0000000000000000 DR2=0000000000000000 DR3=0000000000000000 
DR6=00000000ffff0ff0 DR7=0000000000000400
CCS=0000000000000044 CCD=0000000000000000 CCO=EFLAGS
EFER=0000000000000d00
Servicing hardware INT=0x20
    62: v=20 e=0000 i=0 cpl=0 IP=0008:00000080000847ea pc=00000080000847ea SP=0000:0000010000006eb0 env->regs[R_EAX]=00000080002afdc0
RAX=00000080002afdc0 RBX=0000000000004f98 RCX=0000000000000000 RDX=0000444444441900
RSI=000000800005a8a8 RDI=0000010000006f08 RBP=0000000000000000 RSP=0000010000006eb0
R8 =0000000000000002 R9 =0000000000000000 R10=0000000000000008 R11=0000010000007c48
R12=0000000000006288 R13=0000000000007608 R14=0000028000000000 R15=00000000000077d8
RIP=00000080000847ea RFL=00000202 [-------] CPL=0 II=0 A20=1 SMM=0 HLT=0
ES =0010 0000000000000000 ffffffff 00cf9300 DPL=0 DS   [-WA]
CS =0008 0000000000000000 ffffffff 00af9b00 DPL=0 CS64 [-RA]
SS =0000 0000000000000000 ffffffff 00c09300 DPL=0 DS   [-WA]
DS =0010 0000000000000000 ffffffff 00cf9300 DPL=0 DS   [-WA]
FS =0000 0000000000000000 0000ffff 00009300 DPL=0 DS   [-WA]
GS =0000 0000000000000000 0000ffff 00009300 DPL=0 DS   [-WA]
LDT=0000 0000000000000000 0000ffff 00008200 DPL=0 LDT
TR =0010 00000080002b4e30 00000067 00008900 DPL=0 TSS64-avl
GDT=     00000080002b4ea0 0000001f
IDT=     00000080002b4f20 00000fff
CR0=80010011 CR2=0000000000000000 CR3=0000000001589000 CR4=00000020
DR0=0000000000000000 DR1=0000000000000000 DR2=0000000000000000 DR3=0000000000000000 
DR6=00000000ffff0ff0 DR7=0000000000000400
CCS=0000000000000000 CCD=0000000000000001 CCO=EFLAGS
EFER=0000000000000d00
Servicing hardware INT=0x20
    63: v=20 e=0000 i=0 cpl=0 IP=0008:00000080000dfff0 pc=00000080000dfff0 SP=0000:00000100000070f8 env->regs[R_EAX]=00000080000dfff0
RAX=00000080000dfff0 RBX=0000000000004f98 RCX=00000100000071f8 RDX=0000000000000010
RSI=0000010000007168 RDI=0000010000007150 RBP=0000000000000000 RSP=00000100000070f8
R8 =0000008000285dd8 R9 =0000000000000000 R10=0000000000000008 R11=0000010000007c48
R12=0000000000006288 R13=0000000000007608 R14=0000028000000000 R15=00000000000077d8
RIP=00000080000dfff0 RFL=00000202 [-------] CPL=0 II=0 A20=1 SMM=0 HLT=0
ES =0010 0000000000000000 ffffffff 00cf9300 DPL=0 DS   [-WA]
CS =0008 0000000000000000 ffffffff 00af9b00 DPL=0 CS64 [-RA]
SS =0000 0000000000000000 ffffffff 00c09300 DPL=0 DS   [-WA]
DS =0010 0000000000000000 ffffffff 00cf9300 DPL=0 DS   [-WA]
FS =0000 0000000000000000 0000ffff 00009300 DPL=0 DS   [-WA]
GS =0000 0000000000000000 0000ffff 00009300 DPL=0 DS   [-WA]
LDT=0000 0000000000000000 0000ffff 00008200 DPL=0 LDT
TR =0010 00000080002b4e30 00000067 00008900 DPL=0 TSS64-avl
GDT=     00000080002b4ea0 0000001f
IDT=     00000080002b4f20 00000fff
CR0=80010011 CR2=0000000000000000 CR3=0000000001589000 CR4=00000020
DR0=0000000000000000 DR1=0000000000000000 DR2=0000000000000000 DR3=0000000000000000 
DR6=00000000ffff0ff0 DR7=0000000000000400
CCS=0000000000000000 CCD=00000100000071f8 CCO=EFLAGS
EFER=0000000000000d00
Servicing hardware INT=0x20
    64: v=20 e=0000 i=0 cpl=0 IP=0008:00000080000a9980 pc=00000080000a9980 SP=0000:00000100000070b8 env->regs[R_EAX]=00000080000a9980
RAX=00000080000a9980 RBX=0000000000004f98 RCX=0000000000000001 RDX=0000000000000001
RSI=0000444444449680 RDI=00000100000072d0 RBP=0000000000000000 RSP=00000100000070b8
R8 =0000000000000000 R9 =0000000000000000 R10=0000000000000008 R11=0000010000007c48
R12=0000000000006288 R13=0000000000007608 R14=0000028000000000 R15=00000000000077d8
RIP=00000080000a9980 RFL=00000206 [-----P-] CPL=0 II=0 A20=1 SMM=0 HLT=0
ES =0010 0000000000000000 ffffffff 00cf9300 DPL=0 DS   [-WA]
CS =0008 0000000000000000 ffffffff 00af9b00 DPL=0 CS64 [-RA]
SS =0000 0000000000000000 ffffffff 00c09300 DPL=0 DS   [-WA]
DS =0010 0000000000000000 ffffffff 00cf9300 DPL=0 DS   [-WA]
FS =0000 0000000000000000 0000ffff 00009300 DPL=0 DS   [-WA]
GS =0000 0000000000000000 0000ffff 00009300 DPL=0 DS   [-WA]
LDT=0000 0000000000000000 0000ffff 00008200 DPL=0 LDT
TR =0010 00000080002b4e30 00000067 00008900 DPL=0 TSS64-avl
GDT=     00000080002b4ea0 0000001f
IDT=     00000080002b4f20 00000fff
CR0=80010011 CR2=0000000000000000 CR3=0000000001589000 CR4=00000020
DR0=0000000000000000 DR1=0000000000000000 DR2=0000000000000000 DR3=0000000000000000 
DR6=00000000ffff0ff0 DR7=0000000000000400
CCS=0000000000000004 CCD=00000100000070b8 CCO=EFLAGS
EFER=0000000000000d00
Servicing hardware INT=0x20
    65: v=20 e=0000 i=0 cpl=0 IP=0008:000000800008f915 pc=000000800008f915 SP=0000:0000010000007060 env->regs[R_EAX]=0000444444449660
RAX=0000444444449660 RBX=0000000000004f98 RCX=0000000000000001 RDX=0000000000000001
RSI=0000000000000000 RDI=0000444444449660 RBP=0000000000000000 RSP=0000010000007060
R8 =0000000000000002 R9 =0000000000000000 R10=0000000000000008 R11=0000010000007c48
R12=0000000000006288 R13=0000000000007608 R14=0000028000000000 R15=00000000000077d8
RIP=000000800008f915 RFL=00000246 [---Z-P-] CPL=0 II=0 A20=1 SMM=0 HLT=0
ES =0010 0000000000000000 ffffffff 00cf9300 DPL=0 DS   [-WA]
CS =0008 0000000000000000 ffffffff 00af9b00 DPL=0 CS64 [-RA]
SS =0000 0000000000000000 ffffffff 00c09300 DPL=0 DS   [-WA]
DS =0010 0000000000000000 ffffffff 00cf9300 DPL=0 DS   [-WA]
FS =0000 0000000000000000 0000ffff 00009300 DPL=0 DS   [-WA]
GS =0000 0000000000000000 0000ffff 00009300 DPL=0 DS   [-WA]
LDT=0000 0000000000000000 0000ffff 00008200 DPL=0 LDT
TR =0010 00000080002b4e30 00000067 00008900 DPL=0 TSS64-avl
GDT=     00000080002b4ea0 0000001f
IDT=     00000080002b4f20 00000fff
CR0=80010011 CR2=0000000000000000 CR3=0000000001589000 CR4=00000020
DR0=0000000000000000 DR1=0000000000000000 DR2=0000000000000000 DR3=0000000000000000 
DR6=00000000ffff0ff0 DR7=0000000000000400
CCS=0000000000000044 CCD=0000000000000000 CCO=EFLAGS
EFER=0000000000000d00
Servicing hardware INT=0x20
    66: v=20 e=0000 i=0 cpl=0 IP=0008:00000080000ac73a pc=00000080000ac73a SP=0000:0000010000007020 env->regs[R_EAX]=0000000000000000
RAX=0000000000000000 RBX=0000000000004f98 RCX=0000000000000000 RDX=0000000000000001
RSI=0000010000007228 RDI=00000100000071e0 RBP=0000000000000000 RSP=0000010000007020
R8 =0000000000000002 R9 =0000000000000000 R10=0000000000000008 R11=0000010000007c48
R12=0000000000006288 R13=0000000000007608 R14=0000028000000000 R15=00000000000077d8
RIP=00000080000ac73a RFL=00000246 [---Z-P-] CPL=0 II=0 A20=1 SMM=0 HLT=0
ES =0010 0000000000000000 ffffffff 00cf9300 DPL=0 DS   [-WA]
CS =0008 0000000000000000 ffffffff 00af9b00 DPL=0 CS64 [-RA]
SS =0000 0000000000000000 ffffffff 00c09300 DPL=0 DS   [-WA]
DS =0010 0000000000000000 ffffffff 00cf9300 DPL=0 DS   [-WA]
FS =0000 0000000000000000 0000ffff 00009300 DPL=0 DS   [-WA]
GS =0000 0000000000000000 0000ffff 00009300 DPL=0 DS   [-WA]
LDT=0000 0000000000000000 0000ffff 00008200 DPL=0 LDT
TR =0010 00000080002b4e30 00000067 00008900 DPL=0 TSS64-avl
GDT=     00000080002b4ea0 0000001f
IDT=     00000080002b4f20 00000fff
CR0=80010011 CR2=0000000000000000 CR3=0000000001589000 CR4=00000020
DR0=0000000000000000 DR1=0000000000000000 DR2=0000000000000000 DR3=0000000000000000 
DR6=00000000ffff0ff0 DR7=0000000000000400
CCS=0000000000000044 CCD=0000000000000000 CCO=EFLAGS
EFER=0000000000000d00
Servicing hardware INT=0x20
    67: v=20 e=0000 i=0 cpl=0 IP=0008:00000080000d9690 pc=00000080000d9690 SP=0000:0000010000007338 env->regs[R_EAX]=00000080000d9690
RAX=00000080000d9690 RBX=0000000000004f98 RCX=0000000000000000 RDX=000044444444d150
RSI=000044444444d138 RDI=0000010000013210 RBP=0000000000000000 RSP=0000010000007338
R8 =0000008000285dd8 R9 =0000000000000000 R10=0000000000000008 R11=0000010000007c48
R12=0000000000006288 R13=0000000000007608 R14=0000028000000000 R15=00000000000077d8
RIP=00000080000d9690 RFL=00000202 [-------] CPL=0 II=0 A20=1 SMM=0 HLT=0
ES =0010 0000000000000000 ffffffff 00cf9300 DPL=0 DS   [-WA]
CS =0008 0000000000000000 ffffffff 00af9b00 DPL=0 CS64 [-RA]
SS =0000 0000000000000000 ffffffff 00c09300 DPL=0 DS   [-WA]
DS =0010 0000000000000000 ffffffff 00cf9300 DPL=0 DS   [-WA]
FS =0000 0000000000000000 0000ffff 00009300 DPL=0 DS   [-WA]
GS =0000 0000000000000000 0000ffff 00009300 DPL=0 DS   [-WA]
LDT=0000 0000000000000000 0000ffff 00008200 DPL=0 LDT
TR =0010 00000080002b4e30 00000067 00008900 DPL=0 TSS64-avl
GDT=     00000080002b4ea0 0000001f
IDT=     00000080002b4f20 00000fff
CR0=80010011 CR2=0000000000000000 CR3=0000000001589000 CR4=00000020
DR0=0000000000000000 DR1=0000000000000000 DR2=0000000000000000 DR3=0000000000000000 
DR6=00000000ffff0ff0 DR7=0000000000000400
CCS=0000000000000000 CCD=0000010000013210 CCO=EFLAGS
EFER=0000000000000d00
Servicing hardware INT=0x20
    68: v=20 e=0000 i=0 cpl=0 IP=0008:000000800020b5e0 pc=000000800020b5e0 SP=0000:00000100000074b8 env->regs[R_EAX]=0000000000000001
RAX=0000000000000001 RBX=0000000000004f98 RCX=0000000000000001 RDX=0000000000000004
RSI=0000000000000004 RDI=0000444444477700 RBP=0000000000000000 RSP=00000100000074b8
R8 =0000000000000002 R9 =0000000000000000 R10=0000000000000008 R11=0000010000007c48
R12=0000000000006288 R13=0000000000007608 R14=0000028000000000 R15=00000000000077d8
RIP=000000800020b5e0 RFL=00000206 [-----P-] CPL=0 II=0 A20=1 SMM=0 HLT=0
ES =0010 0000000000000000 ffffffff 00cf9300 DPL=0 DS   [-WA]
CS =0008 0000000000000000 ffffffff 00af9b00 DPL=0 CS64 [-RA]
SS =0000 0000000000000000 ffffffff 00c09300 DPL=0 DS   [-WA]
DS =0010 0000000000000000 ffffffff 00cf9300 DPL=0 DS   [-WA]
FS =0000 0000000000000000 0000ffff 00009300 DPL=0 DS   [-WA]
GS =0000 0000000000000000 0000ffff 00009300 DPL=0 DS   [-WA]
LDT=0000 0000000000000000 0000ffff 00008200 DPL=0 LDT
TR =0010 00000080002b4e30 00000067 00008900 DPL=0 TSS64-avl
GDT=     00000080002b4ea0 0000001f
IDT=     00000080002b4f20 00000fff
CR0=80010011 CR2=0000000000000000 CR3=0000000001589000 CR4=00000020
DR0=0000000000000000 DR1=0000000000000000 DR2=0000000000000000 DR3=0000000000000000 
DR6=00000000ffff0ff0 DR7=0000000000000400
CCS=0000000000000004 CCD=00000100000074c0 CCO=EFLAGS
EFER=0000000000000d00
Servicing hardware INT=0x20
    69: v=20 e=0000 i=0 cpl=0 IP=0008:00000080000a5ebd pc=00000080000a5ebd SP=0000:0000010000007290 env->regs[R_EAX]=0000444444441900
RAX=0000444444441900 RBX=0000000000004f98 RCX=0000444444441920 RDX=0000444444441920
RSI=0000444444441920 RDI=00000100000072d8 RBP=0000000000000000 RSP=0000010000007290
R8 =0000000000000002 R9 =0000000000000000 R10=0000000000000008 R11=0000010000007c48
R12=0000000000006288 R13=0000000000007608 R14=0000028000000000 R15=00000000000077d8
RIP=00000080000a5ebd RFL=00000246 [---Z-P-] CPL=0 II=0 A20=1 SMM=0 HLT=0
ES =0010 0000000000000000 ffffffff 00cf9300 DPL=0 DS   [-WA]
CS =0008 0000000000000000 ffffffff 00af9b00 DPL=0 CS64 [-RA]
SS =0000 0000000000000000 ffffffff 00c09300 DPL=0 DS   [-WA]
DS =0010 0000000000000000 ffffffff 00cf9300 DPL=0 DS   [-WA]
FS =0000 0000000000000000 0000ffff 00009300 DPL=0 DS   [-WA]
GS =0000 0000000000000000 0000ffff 00009300 DPL=0 DS   [-WA]
LDT=0000 0000000000000000 0000ffff 00008200 DPL=0 LDT
TR =0010 00000080002b4e30 00000067 00008900 DPL=0 TSS64-avl
GDT=     00000080002b4ea0 0000001f
IDT=     00000080002b4f20 00000fff
CR0=80010011 CR2=0000000000000000 CR3=0000000001589000 CR4=00000020
DR0=0000000000000000 DR1=0000000000000000 DR2=0000000000000000 DR3=0000000000000000 
DR6=00000000ffff0ff0 DR7=0000000000000400
CCS=0000000000000044 CCD=0000000000000000 CCO=EFLAGS
EFER=0000000000000d00
Servicing hardware INT=0x20
    70: v=20 e=0000 i=0 cpl=0 IP=0008:00000080000f0900 pc=00000080000f0900 SP=0000:0000010000007428 env->regs[R_EAX]=00000080000f0900
RAX=00000080000f0900 RBX=0000000000004f98 RCX=0000008000285938 RDX=0000000000000002
RSI=000044444444d100 RDI=0000000000000001 RBP=0000000000000000 RSP=0000010000007428
R8 =0000008000285dd8 R9 =0000000000000000 R10=0000000000000008 R11=0000010000007c48
R12=0000000000006288 R13=0000000000007608 R14=0000028000000000 R15=00000000000077d8
RIP=00000080000f0900 RFL=00000206 [-----P-] CPL=0 II=0 A20=1 SMM=0 HLT=0
ES =0010 0000000000000000 ffffffff 00cf9300 DPL=0 DS   [-WA]
CS =0008 0000000000000000 ffffffff 00af9b00 DPL=0 CS64 [-RA]
SS =0000 0000000000000000 ffffffff 00c09300 DPL=0 DS   [-WA]
DS =0010 0000000000000000 ffffffff 00cf9300 DPL=0 DS   [-WA]
FS =0000 0000000000000000 0000ffff 00009300 DPL=0 DS   [-WA]
GS =0000 0000000000000000 0000ffff 00009300 DPL=0 DS   [-WA]
LDT=0000 0000000000000000 0000ffff 00008200 DPL=0 LDT
TR =0010 00000080002b4e30 00000067 00008900 DPL=0 TSS64-avl
GDT=     00000080002b4ea0 0000001f
IDT=     00000080002b4f20 00000fff
CR0=80010011 CR2=0000000000000000 CR3=0000000001589000 CR4=00000020
DR0=0000000000000000 DR1=0000000000000000 DR2=0000000000000000 DR3=0000000000000000 
DR6=00000000ffff0ff0 DR7=0000000000000400
CCS=0000000000000004 CCD=0000010000007428 CCO=EFLAGS
EFER=0000000000000d00
Servicing hardware INT=0x20
    71: v=20 e=0000 i=0 cpl=0 IP=0008:0000008000271e4a pc=0000008000271e4a SP=0000:0000010000006df0 env->regs[R_EAX]=0000008000271e4a
RAX=0000008000271e4a RBX=0000000000004f98 RCX=000000800007af64 RDX=0000000000000001
RSI=0000000000000000 RDI=00000080002afdb8 RBP=0000000000000000 RSP=0000010000006df0
R8 =0000000000000002 R9 =0000000000000000 R10=0000000000000008 R11=0000010000007c48
R12=0000000000006288 R13=0000000000007608 R14=0000028000000000 R15=00000000000077d8
RIP=0000008000271e4a RFL=00000202 [-------] CPL=0 II=0 A20=1 SMM=0 HLT=0
ES =0010 0000000000000000 ffffffff 00cf9300 DPL=0 DS   [-WA]
CS =0008 0000000000000000 ffffffff 00af9b00 DPL=0 CS64 [-RA]
SS =0000 0000000000000000 ffffffff 00c09300 DPL=0 DS   [-WA]
DS =0010 0000000000000000 ffffffff 00cf9300 DPL=0 DS   [-WA]
FS =0000 0000000000000000 0000ffff 00009300 DPL=0 DS   [-WA]
GS =0000 0000000000000000 0000ffff 00009300 DPL=0 DS   [-WA]
LDT=0000 0000000000000000 0000ffff 00008200 DPL=0 LDT
TR =0010 00000080002b4e30 00000067 00008900 DPL=0 TSS64-avl
GDT=     00000080002b4ea0 0000001f
IDT=     00000080002b4f20 00000fff
CR0=80010011 CR2=0000000000000000 CR3=0000000001589000 CR4=00000020
DR0=0000000000000000 DR1=0000000000000000 DR2=0000000000000000 DR3=0000000000000000 
DR6=00000000ffff0ff0 DR7=0000000000000400
CCS=0000000000000000 CCD=0000008000271e4a CCO=EFLAGS
EFER=0000000000000d00
Servicing hardware INT=0x20
    72: v=20 e=0000 i=0 cpl=0 IP=0008:00000080000dbb2d pc=00000080000dbb2d SP=0000:0000010000007290 env->regs[R_EAX]=0000010000007380
RAX=0000010000007380 RBX=0000000000004f98 RCX=0000010000007380 RDX=0000000000000000
RSI=0000000000000001 RDI=00000100000070b8 RBP=0000000000000000 RSP=0000010000007290
R8 =0000008000285dd8 R9 =0000000000000000 R10=0000000000000008 R11=0000010000007c48
R12=0000000000006288 R13=0000000000007608 R14=0000028000000000 R15=00000000000077d8
RIP=00000080000dbb2d RFL=00000206 [-----P-] CPL=0 II=0 A20=1 SMM=0 HLT=0
ES =0010 0000000000000000 ffffffff 00cf9300 DPL=0 DS   [-WA]
CS =0008 0000000000000000 ffffffff 00af9b00 DPL=0 CS64 [-RA]
SS =0000 0000000000000000 ffffffff 00c09300 DPL=0 DS   [-WA]
DS =0010 0000000000000000 ffffffff 00cf9300 DPL=0 DS   [-WA]
FS =0000 0000000000000000 0000ffff 00009300 DPL=0 DS   [-WA]
GS =0000 0000000000000000 0000ffff 00009300 DPL=0 DS   [-WA]
LDT=0000 0000000000000000 0000ffff 00008200 DPL=0 LDT
TR =0010 00000080002b4e30 00000067 00008900 DPL=0 TSS64-avl
GDT=     00000080002b4ea0 0000001f
IDT=     00000080002b4f20 00000fff
CR0=80010011 CR2=0000000000000000 CR3=0000000001589000 CR4=00000020
DR0=0000000000000000 DR1=0000000000000000 DR2=0000000000000000 DR3=0000000000000000 
DR6=00000000ffff0ff0 DR7=0000000000000400
CCS=0000000000000004 CCD=0000010000007278 CCO=EFLAGS
EFER=0000000000000d00
Servicing hardware INT=0x20
    73: v=20 e=0000 i=0 cpl=0 IP=0008:00000080000b2c32 pc=00000080000b2c32 SP=0000:00000100000074f0 env->regs[R_EAX]=00004444444479c0
RAX=00004444444479c0 RBX=0000000000004f98 RCX=0000000000000004 RDX=0000000000000000
RSI=0000000000000000 RDI=0000010000012c78 RBP=0000000000000000 RSP=00000100000074f0
R8 =0000000000000002 R9 =0000000000000000 R10=0000000000000008 R11=0000010000007c48
R12=0000000000006288 R13=0000000000007608 R14=0000028000000000 R15=00000000000077d8
RIP=00000080000b2c32 RFL=00000206 [-----P-] CPL=0 II=0 A20=1 SMM=0 HLT=0
ES =0010 0000000000000000 ffffffff 00cf9300 DPL=0 DS   [-WA]
CS =0008 0000000000000000 ffffffff 00af9b00 DPL=0 CS64 [-RA]
SS =0000 0000000000000000 ffffffff 00c09300 DPL=0 DS   [-WA]
DS =0010 0000000000000000 ffffffff 00cf9300 DPL=0 DS   [-WA]
FS =0000 0000000000000000 0000ffff 00009300 DPL=0 DS   [-WA]
GS =0000 0000000000000000 0000ffff 00009300 DPL=0 DS   [-WA]
LDT=0000 0000000000000000 0000ffff 00008200 DPL=0 LDT
TR =0010 00000080002b4e30 00000067 00008900 DPL=0 TSS64-avl
GDT=     00000080002b4ea0 0000001f
IDT=     00000080002b4f20 00000fff
CR0=80010011 CR2=0000000000000000 CR3=0000000001589000 CR4=00000020
DR0=0000000000000000 DR1=0000000000000000 DR2=0000000000000000 DR3=0000000000000000 
DR6=00000000ffff0ff0 DR7=0000000000000400
CCS=0000000000000004 CCD=00000100000074e8 CCO=EFLAGS
EFER=0000000000000d00
Servicing hardware INT=0x20
    74: v=20 e=0000 i=0 cpl=0 IP=0008:00000080000a946b pc=00000080000a946b SP=0000:00000100000070c0 env->regs[R_EAX]=00000080000a9610
RAX=00000080000a9610 RBX=0000000000004f98 RCX=000000800007af00 RDX=0000000000000001
RSI=0000000000000000 RDI=00000080002afdb8 RBP=0000000000000000 RSP=00000100000070c0
R8 =0000000000000002 R9 =0000000000000000 R10=0000000000000008 R11=0000010000007c48
R12=0000000000006288 R13=0000000000007608 R14=0000028000000000 R15=00000000000077d8
RIP=00000080000a946b RFL=00000202 [-------] CPL=0 II=0 A20=1 SMM=0 HLT=0
ES =0010 0000000000000000 ffffffff 00cf9300 DPL=0 DS   [-WA]
CS =0008 0000000000000000 ffffffff 00af9b00 DPL=0 CS64 [-RA]
SS =0000 0000000000000000 ffffffff 00c09300 DPL=0 DS   [-WA]
DS =0010 0000000000000000 ffffffff 00cf9300 DPL=0 DS   [-WA]
FS =0000 0000000000000000 0000ffff 00009300 DPL=0 DS   [-WA]
GS =0000 0000000000000000 0000ffff 00009300 DPL=0 DS   [-WA]
LDT=0000 0000000000000000 0000ffff 00008200 DPL=0 LDT
TR =0010 00000080002b4e30 00000067 00008900 DPL=0 TSS64-avl
GDT=     00000080002b4ea0 0000001f
IDT=     00000080002b4f20 00000fff
CR0=80010011 CR2=0000000000000000 CR3=0000000001589000 CR4=00000020
DR0=0000000000000000 DR1=0000000000000000 DR2=0000000000000000 DR3=0000000000000000 
DR6=00000000ffff0ff0 DR7=0000000000000400
CCS=0000000000000000 CCD=00000100000070a8 CCO=EFLAGS
EFER=0000000000000d00
Servicing hardware INT=0x20
    75: v=20 e=0000 i=0 cpl=0 IP=0008:00000080000e9ad2 pc=00000080000e9ad2 SP=0000:0000010000007320 env->regs[R_EAX]=0000010000007380
RAX=0000010000007380 RBX=0000000000004f98 RCX=0000000000000000 RDX=0000000000000001
RSI=0000010000007380 RDI=00000100000072e0 RBP=0000000000000000 RSP=0000010000007320
R8 =0000000000000002 R9 =0000000000000000 R10=0000000000000008 R11=0000010000007c48
R12=0000000000006288 R13=0000000000007608 R14=0000028000000000 R15=00000000000077d8
RIP=00000080000e9ad2 RFL=00000202 [-------] CPL=0 II=0 A20=1 SMM=0 HLT=0
ES =0010 0000000000000000 ffffffff 00cf9300 DPL=0 DS   [-WA]
CS =0008 0000000000000000 ffffffff 00af9b00 DPL=0 CS64 [-RA]
SS =0000 0000000000000000 ffffffff 00c09300 DPL=0 DS   [-WA]
DS =0010 0000000000000000 ffffffff 00cf9300 DPL=0 DS   [-WA]
FS =0000 0000000000000000 0000ffff 00009300 DPL=0 DS   [-WA]
GS =0000 0000000000000000 0000ffff 00009300 DPL=0 DS   [-WA]
LDT=0000 0000000000000000 0000ffff 00008200 DPL=0 LDT
TR =0010 00000080002b4e30 00000067 00008900 DPL=0 TSS64-avl
GDT=     00000080002b4ea0 0000001f
IDT=     00000080002b4f20 00000fff
CR0=80010011 CR2=0000000000000000 CR3=0000000001589000 CR4=00000020
DR0=0000000000000000 DR1=0000000000000000 DR2=0000000000000000 DR3=0000000000000000 
DR6=00000000ffff0ff0 DR7=0000000000000400
CCS=0000000000000000 CCD=00000100000072f8 CCO=EFLAGS
EFER=0000000000000d00
Servicing hardware INT=0x20
    76: v=20 e=0000 i=0 cpl=0 IP=0008:00000080000b9bd0 pc=00000080000b9bd0 SP=0000:00000100000072c8 env->regs[R_EAX]=00000080000b9bd0
RAX=00000080000b9bd0 RBX=0000000000004f98 RCX=000000800007af00 RDX=0000000000000001
RSI=0000010000007380 RDI=00000100000072e0 RBP=0000000000000000 RSP=00000100000072c8
R8 =0000000000000002 R9 =0000000000000000 R10=0000000000000008 R11=0000010000007c48
R12=0000000000006288 R13=0000000000007608 R14=0000028000000000 R15=00000000000077d8
RIP=00000080000b9bd0 RFL=00000202 [-------] CPL=0 II=0 A20=1 SMM=0 HLT=0
ES =0010 0000000000000000 ffffffff 00cf9300 DPL=0 DS   [-WA]
CS =0008 0000000000000000 ffffffff 00af9b00 DPL=0 CS64 [-RA]
SS =0000 0000000000000000 ffffffff 00c09300 DPL=0 DS   [-WA]
DS =0010 0000000000000000 ffffffff 00cf9300 DPL=0 DS   [-WA]
FS =0000 0000000000000000 0000ffff 00009300 DPL=0 DS   [-WA]
GS =0000 0000000000000000 0000ffff 00009300 DPL=0 DS   [-WA]
LDT=0000 0000000000000000 0000ffff 00008200 DPL=0 LDT
TR =0010 00000080002b4e30 00000067 00008900 DPL=0 TSS64-avl
GDT=     00000080002b4ea0 0000001f
IDT=     00000080002b4f20 00000fff
CR0=80010011 CR2=0000000000000000 CR3=0000000001589000 CR4=00000020
DR0=0000000000000000 DR1=0000000000000000 DR2=0000000000000000 DR3=0000000000000000 
DR6=00000000ffff0ff0 DR7=0000000000000400
CCS=0000000000000000 CCD=00000100000072d0 CCO=EFLAGS
EFER=0000000000000d00
Servicing hardware INT=0x20
    77: v=20 e=0000 i=0 cpl=0 IP=0008:000000800008f012 pc=000000800008f012 SP=0000:0000010000006da0 env->regs[R_EAX]=0000000000000000
RAX=0000000000000000 RBX=0000000000004f98 RCX=0000010000006e10 RDX=000000800005a8a0
RSI=000000800005a8a0 RDI=0000010000006dc8 RBP=0000000000000000 RSP=0000010000006da0
R8 =0000000000000002 R9 =0000000000000000 R10=0000000000000008 R11=0000010000007c48
R12=0000000000006288 R13=0000000000007608 R14=0000028000000000 R15=00000000000077d8
RIP=000000800008f012 RFL=00000246 [---Z-P-] CPL=0 II=0 A20=1 SMM=0 HLT=0
ES =0010 0000000000000000 ffffffff 00cf9300 DPL=0 DS   [-WA]
CS =0008 0000000000000000 ffffffff 00af9b00 DPL=0 CS64 [-RA]
SS =0000 0000000000000000 ffffffff 00c09300 DPL=0 DS   [-WA]
DS =0010 0000000000000000 ffffffff 00cf9300 DPL=0 DS   [-WA]
FS =0000 0000000000000000 0000ffff 00009300 DPL=0 DS   [-WA]
GS =0000 0000000000000000 0000ffff 00009300 DPL=0 DS   [-WA]
LDT=0000 0000000000000000 0000ffff 00008200 DPL=0 LDT
TR =0010 00000080002b4e30 00000067 00008900 DPL=0 TSS64-avl
GDT=     00000080002b4ea0 0000001f
IDT=     00000080002b4f20 00000fff
CR0=80010011 CR2=0000000000000000 CR3=0000000001589000 CR4=00000020
DR0=0000000000000000 DR1=0000000000000000 DR2=0000000000000000 DR3=0000000000000000 
DR6=00000000ffff0ff0 DR7=0000000000000400
CCS=0000000000000044 CCD=0000000000000000 CCO=EFLAGS
EFER=0000000000000d00
Servicing hardware INT=0x20
    78: v=20 e=0000 i=0 cpl=0 IP=0008:00000080000eaa99 pc=00000080000eaa99 SP=0000:00000100000074a0 env->regs[R_EAX]=0000000000000000
RAX=0000000000000000 RBX=0000000000004f98 RCX=0000000000000000 RDX=000044444444d150
RSI=000044444444d138 RDI=00000100000074fe RBP=0000000000000000 RSP=00000100000074a0
R8 =0000008000285dd8 R9 =0000000000000000 R10=0000000000000008 R11=0000010000007c48
R12=0000000000006288 R13=0000000000007608 R14=0000028000000000 R15=00000000000077d8
RIP=00000080000eaa99 RFL=00000202 [-------] CPL=0 II=0 A20=1 SMM=0 HLT=0
ES =0010 0000000000000000 ffffffff 00cf9300 DPL=0 DS   [-WA]
CS =0008 0000000000000000 ffffffff 00af9b00 DPL=0 CS64 [-RA]
SS =0000 0000000000000000 ffffffff 00c09300 DPL=0 DS   [-WA]
DS =0010 0000000000000000 ffffffff 00cf9300 DPL=0 DS   [-WA]
FS =0000 0000000000000000 0000ffff 00009300 DPL=0 DS   [-WA]
GS =0000 0000000000000000 0000ffff 00009300 DPL=0 DS   [-WA]
LDT=0000 0000000000000000 0000ffff 00008200 DPL=0 LDT
TR =0010 00000080002b4e30 00000067 00008900 DPL=0 TSS64-avl
GDT=     00000080002b4ea0 0000001f
IDT=     00000080002b4f20 00000fff
CR0=80010011 CR2=0000000000000000 CR3=0000000001589000 CR4=00000020
DR0=0000000000000000 DR1=0000000000000000 DR2=0000000000000000 DR3=0000000000000000 
DR6=00000000ffff0ff0 DR7=0000000000000400
CCS=0000000000000000 CCD=0000010000007498 CCO=EFLAGS
EFER=0000000000000d00
Servicing hardware INT=0x20
    79: v=20 e=0000 i=0 cpl=0 IP=0008:00000080000e9858 pc=00000080000e9858 SP=0000:0000010000007320 env->regs[R_EAX]=0000444444447900
RAX=0000444444447900 RBX=0000000000004f98 RCX=0000444444447820 RDX=0000000000000004
RSI=0000444444447900 RDI=0000000000000000 RBP=0000000000000000 RSP=0000010000007320
R8 =0000008000285dd8 R9 =0000000000000000 R10=0000000000000008 R11=0000010000007c48
R12=0000000000006288 R13=0000000000007608 R14=0000028000000000 R15=00000000000077d8
RIP=00000080000e9858 RFL=00000202 [-------] CPL=0 II=0 A20=1 SMM=0 HLT=0
ES =0010 0000000000000000 ffffffff 00cf9300 DPL=0 DS   [-WA]
CS =0008 0000000000000000 ffffffff 00af9b00 DPL=0 CS64 [-RA]
SS =0000 0000000000000000 ffffffff 00c09300 DPL=0 DS   [-WA]
DS =0010 0000000000000000 ffffffff 00cf9300 DPL=0 DS   [-WA]
FS =0000 0000000000000000 0000ffff 00009300 DPL=0 DS   [-WA]
GS =0000 0000000000000000 0000ffff 00009300 DPL=0 DS   [-WA]
LDT=0000 0000000000000000 0000ffff 00008200 DPL=0 LDT
TR =0010 00000080002b4e30 00000067 00008900 DPL=0 TSS64-avl
GDT=     00000080002b4ea0 0000001f
IDT=     00000080002b4f20 00000fff
CR0=80010011 CR2=0000000000000000 CR3=0000000001589000 CR4=00000020
DR0=0000000000000000 DR1=0000000000000000 DR2=0000000000000000 DR3=0000000000000000 
DR6=00000000ffff0ff0 DR7=0000000000000400
CCS=0000000000000000 CCD=0000010000007308 CCO=EFLAGS
EFER=0000000000000d00
Servicing hardware INT=0x20
    80: v=20 e=0000 i=0 cpl=0 IP=0008:00000080000847d7 pc=00000080000847d7 SP=0000:0000010000006e30 env->regs[R_EAX]=00004444444495c0
RAX=00004444444495c0 RBX=0000000000004f98 RCX=0000000000000000 RDX=0000444444441900
RSI=000000800005a8a8 RDI=0000444444441900 RBP=0000000000000000 RSP=0000010000006e30
R8 =0000000000000002 R9 =0000000000000000 R10=0000000000000008 R11=0000010000007c48
R12=0000000000006288 R13=0000000000007608 R14=0000028000000000 R15=00000000000077d8
RIP=00000080000847d7 RFL=00000202 [-------] CPL=0 II=0 A20=1 SMM=0 HLT=0
ES =0010 0000000000000000 ffffffff 00cf9300 DPL=0 DS   [-WA]
CS =0008 0000000000000000 ffffffff 00af9b00 DPL=0 CS64 [-RA]
SS =0000 0000000000000000 ffffffff 00c09300 DPL=0 DS   [-WA]
DS =0010 0000000000000000 ffffffff 00cf9300 DPL=0 DS   [-WA]
FS =0000 0000000000000000 0000ffff 00009300 DPL=0 DS   [-WA]
GS =0000 0000000000000000 0000ffff 00009300 DPL=0 DS   [-WA]
LDT=0000 0000000000000000 0000ffff 00008200 DPL=0 LDT
TR =0010 00000080002b4e30 00000067 00008900 DPL=0 TSS64-avl
GDT=     00000080002b4ea0 0000001f
IDT=     00000080002b4f20 00000fff
CR0=80010011 CR2=0000000000000000 CR3=0000000001589000 CR4=00000020
DR0=0000000000000000 DR1=0000000000000000 DR2=0000000000000000 DR3=0000000000000000 
DR6=00000000ffff0ff0 DR7=0000000000000400
CCS=0000000000000000 CCD=0000000000000001 CCO=EFLAGS
EFER=0000000000000d00
Servicing hardware INT=0x20
    81: v=20 e=0000 i=0 cpl=0 IP=0008:000000800009a100 pc=000000800009a100 SP=0000:00000100000071b8 env->regs[R_EAX]=0000008000088d01
RAX=0000008000088d01 RBX=0000000000004f98 RCX=0000000000000000 RDX=0000000000000001
RSI=0000000000000000 RDI=00000080002afdb8 RBP=0000000000000000 RSP=00000100000071b8
R8 =0000000000000002 R9 =0000000000000000 R10=0000000000000008 R11=0000010000007c48
R12=0000000000006288 R13=0000000000007608 R14=0000028000000000 R15=00000000000077d8
RIP=000000800009a100 RFL=00000246 [---Z-P-] CPL=0 II=0 A20=1 SMM=0 HLT=0
ES =0010 0000000000000000 ffffffff 00cf9300 DPL=0 DS   [-WA]
CS =0008 0000000000000000 ffffffff 00af9b00 DPL=0 CS64 [-RA]
SS =0000 0000000000000000 ffffffff 00c09300 DPL=0 DS   [-WA]
DS =0010 0000000000000000 ffffffff 00cf9300 DPL=0 DS   [-WA]
FS =0000 0000000000000000 0000ffff 00009300 DPL=0 DS   [-WA]
GS =0000 0000000000000000 0000ffff 00009300 DPL=0 DS   [-WA]
LDT=0000 0000000000000000 0000ffff 00008200 DPL=0 LDT
TR =0010 00000080002b4e30 00000067 00008900 DPL=0 TSS64-avl
GDT=     00000080002b4ea0 0000001f
IDT=     00000080002b4f20 00000fff
CR0=80010011 CR2=0000000000000000 CR3=0000000001589000 CR4=00000020
DR0=0000000000000000 DR1=0000000000000000 DR2=0000000000000000 DR3=0000000000000000 
DR6=00000000ffff0ff0 DR7=0000000000000400
CCS=0000000000000044 CCD=fffffffffffffff9 CCO=EFLAGS
EFER=0000000000000d00
Servicing hardware INT=0x20
    82: v=20 e=0000 i=0 cpl=0 IP=0008:00000080000a8a7a pc=00000080000a8a7a SP=0000:0000010000007020 env->regs[R_EAX]=000000800024b0b0
RAX=000000800024b0b0 RBX=0000000000004f98 RCX=0000000000000000 RDX=00000100000070b8
RSI=0000000000000001 RDI=00000100000070b8 RBP=0000000000000000 RSP=0000010000007020
R8 =0000008000285dd8 R9 =0000000000000000 R10=0000000000000008 R11=0000010000007c48
R12=0000000000006288 R13=0000000000007608 R14=0000028000000000 R15=00000000000077d8
RIP=00000080000a8a7a RFL=00000202 [-------] CPL=0 II=0 A20=1 SMM=0 HLT=0
ES =0010 0000000000000000 ffffffff 00cf9300 DPL=0 DS   [-WA]
CS =0008 0000000000000000 ffffffff 00af9b00 DPL=0 CS64 [-RA]
SS =0000 0000000000000000 ffffffff 00c09300 DPL=0 DS   [-WA]
DS =0010 0000000000000000 ffffffff 00cf9300 DPL=0 DS   [-WA]
FS =0000 0000000000000000 0000ffff 00009300 DPL=0 DS   [-WA]
GS =0000 0000000000000000 0000ffff 00009300 DPL=0 DS   [-WA]
LDT=0000 0000000000000000 0000ffff 00008200 DPL=0 LDT
TR =0010 00000080002b4e30 00000067 00008900 DPL=0 TSS64-avl
GDT=     00000080002b4ea0 0000001f
IDT=     00000080002b4f20 00000fff
CR0=80010011 CR2=0000000000000000 CR3=0000000001589000 CR4=00000020
DR0=0000000000000000 DR1=0000000000000000 DR2=0000000000000000 DR3=0000000000000000 
DR6=00000000ffff0ff0 DR7=0000000000000400
CCS=0000000000000000 CCD=0000000000000001 CCO=EFLAGS
EFER=0000000000000d00
Servicing hardware INT=0x20
    83: v=20 e=0000 i=0 cpl=0 IP=0008:00000080000df3a1 pc=00000080000df3a1 SP=0000:00000100000072e0 env->regs[R_EAX]=0000000000000001
RAX=0000000000000001 RBX=0000000000004f98 RCX=0000444444447820 RDX=0000000000000004
RSI=0000444444447900 RDI=0000444444449580 RBP=0000000000000000 RSP=00000100000072e0
R8 =0000008000285dd8 R9 =0000000000000000 R10=0000000000000008 R11=0000010000007c48
R12=0000000000006288 R13=0000000000007608 R14=0000028000000000 R15=00000000000077d8
RIP=00000080000df3a1 RFL=00000202 [-------] CPL=0 II=0 A20=1 SMM=0 HLT=0
ES =0010 0000000000000000 ffffffff 00cf9300 DPL=0 DS   [-WA]
CS =0008 0000000000000000 ffffffff 00af9b00 DPL=0 CS64 [-RA]
SS =0000 0000000000000000 ffffffff 00c09300 DPL=0 DS   [-WA]
DS =0010 0000000000000000 ffffffff 00cf9300 DPL=0 DS   [-WA]
FS =0000 0000000000000000 0000ffff 00009300 DPL=0 DS   [-WA]
GS =0000 0000000000000000 0000ffff 00009300 DPL=0 DS   [-WA]
LDT=0000 0000000000000000 0000ffff 00008200 DPL=0 LDT
TR =0010 00000080002b4e30 00000067 00008900 DPL=0 TSS64-avl
GDT=     00000080002b4ea0 0000001f
IDT=     00000080002b4f20 00000fff
CR0=80010011 CR2=0000000000000000 CR3=0000000001589000 CR4=00000020
DR0=0000000000000000 DR1=0000000000000000 DR2=0000000000000000 DR3=0000000000000000 
DR6=00000000ffff0ff0 DR7=0000000000000400
CCS=0000000000000000 CCD=00000100000072e0 CCO=EFLAGS
EFER=0000000000000d00
Servicing hardware INT=0x20
    84: v=20 e=0000 i=0 cpl=0 IP=0008:00000080001edb90 pc=00000080001edb90 SP=0000:0000010000006e18 env->regs[R_EAX]=00000080001edb90
RAX=00000080001edb90 RBX=0000000000004f98 RCX=000000800005a898 RDX=000000800005a8e0
RSI=000000800005a898 RDI=0000010000006e98 RBP=0000000000000000 RSP=0000010000006e18
R8 =0000000000000002 R9 =0000000000000000 R10=0000000000000008 R11=0000010000007c48
R12=0000000000006288 R13=0000000000007608 R14=0000028000000000 R15=00000000000077d8
RIP=00000080001edb90 RFL=00000206 [-----P-] CPL=0 II=0 A20=1 SMM=0 HLT=0
ES =0010 0000000000000000 ffffffff 00cf9300 DPL=0 DS   [-WA]
CS =0008 0000000000000000 ffffffff 00af9b00 DPL=0 CS64 [-RA]
SS =0000 0000000000000000 ffffffff 00c09300 DPL=0 DS   [-WA]
DS =0010 0000000000000000 ffffffff 00cf9300 DPL=0 DS   [-WA]
FS =0000 0000000000000000 0000ffff 00009300 DPL=0 DS   [-WA]
GS =0000 0000000000000000 0000ffff 00009300 DPL=0 DS   [-WA]
LDT=0000 0000000000000000 0000ffff 00008200 DPL=0 LDT
TR =0010 00000080002b4e30 00000067 00008900 DPL=0 TSS64-avl
GDT=     00000080002b4ea0 0000001f
IDT=     00000080002b4f20 00000fff
CR0=80010011 CR2=0000000000000000 CR3=0000000001589000 CR4=00000020
DR0=0000000000000000 DR1=0000000000000000 DR2=0000000000000000 DR3=0000000000000000 
DR6=00000000ffff0ff0 DR7=0000000000000400
CCS=0000000000000004 CCD=0000000000000009 CCO=EFLAGS
EFER=0000000000000d00
Servicing hardware INT=0x20
    85: v=20 e=0000 i=0 cpl=0 IP=0008:0000008000084610 pc=0000008000084610 SP=0000:0000010000006e28 env->regs[R_EAX]=0000008000084610
RAX=0000008000084610 RBX=0000000000004f98 RCX=0000000000000000 RDX=0000444444441900
RSI=000000800005a8a8 RDI=0000010000006e88 RBP=0000000000000000 RSP=0000010000006e28
R8 =0000000000000002 R9 =0000000000000000 R10=0000000000000008 R11=0000010000007c48
R12=0000000000006288 R13=0000000000007608 R14=0000028000000000 R15=00000000000077d8
RIP=0000008000084610 RFL=00000202 [-------] CPL=0 II=0 A20=1 SMM=0 HLT=0
ES =0010 0000000000000000 ffffffff 00cf9300 DPL=0 DS   [-WA]
CS =0008 0000000000000000 ffffffff 00af9b00 DPL=0 CS64 [-RA]
SS =0000 0000000000000000 ffffffff 00c09300 DPL=0 DS   [-WA]
DS =0010 0000000000000000 ffffffff 00cf9300 DPL=0 DS   [-WA]
FS =0000 0000000000000000 0000ffff 00009300 DPL=0 DS   [-WA]
GS =0000 0000000000000000 0000ffff 00009300 DPL=0 DS   [-WA]
LDT=0000 0000000000000000 0000ffff 00008200 DPL=0 LDT
TR =0010 00000080002b4e30 00000067 00008900 DPL=0 TSS64-avl
GDT=     00000080002b4ea0 0000001f
IDT=     00000080002b4f20 00000fff
CR0=80010011 CR2=0000000000000000 CR3=0000000001589000 CR4=00000020
DR0=0000000000000000 DR1=0000000000000000 DR2=0000000000000000 DR3=0000000000000000 
DR6=00000000ffff0ff0 DR7=0000000000000400
CCS=0000000000000000 CCD=0000000000000001 CCO=EFLAGS
EFER=0000000000000d00
Servicing hardware INT=0x20
    86: v=20 e=0000 i=0 cpl=0 IP=0008:000000800020b5e0 pc=000000800020b5e0 SP=0000:00000100000074b8 env->regs[R_EAX]=0000000000000001
RAX=0000000000000001 RBX=0000000000004f98 RCX=0000000000000001 RDX=0000000000000004
RSI=0000000000000004 RDI=0000444444477700 RBP=0000000000000000 RSP=00000100000074b8
R8 =0000000000000002 R9 =0000000000000000 R10=0000000000000008 R11=0000010000007c48
R12=0000000000006288 R13=0000000000007608 R14=0000028000000000 R15=00000000000077d8
RIP=000000800020b5e0 RFL=00000206 [-----P-] CPL=0 II=0 A20=1 SMM=0 HLT=0
ES =0010 0000000000000000 ffffffff 00cf9300 DPL=0 DS   [-WA]
CS =0008 0000000000000000 ffffffff 00af9b00 DPL=0 CS64 [-RA]
SS =0000 0000000000000000 ffffffff 00c09300 DPL=0 DS   [-WA]
DS =0010 0000000000000000 ffffffff 00cf9300 DPL=0 DS   [-WA]
FS =0000 0000000000000000 0000ffff 00009300 DPL=0 DS   [-WA]
GS =0000 0000000000000000 0000ffff 00009300 DPL=0 DS   [-WA]
LDT=0000 0000000000000000 0000ffff 00008200 DPL=0 LDT
TR =0010 00000080002b4e30 00000067 00008900 DPL=0 TSS64-avl
GDT=     00000080002b4ea0 0000001f
IDT=     00000080002b4f20 00000fff
CR0=80010011 CR2=0000000000000000 CR3=0000000001589000 CR4=00000020
DR0=0000000000000000 DR1=0000000000000000 DR2=0000000000000000 DR3=0000000000000000 
DR6=00000000ffff0ff0 DR7=0000000000000400
CCS=0000000000000004 CCD=00000100000074c0 CCO=EFLAGS
EFER=0000000000000d00
Servicing hardware INT=0x20
    87: v=20 e=0000 i=0 cpl=0 IP=0008:000000800008492c pc=000000800008492c SP=0000:00000100000071e0 env->regs[R_EAX]=00000080002afdb8
RAX=00000080002afdb8 RBX=0000000000004f98 RCX=0000008000093470 RDX=00000080002afdc0
RSI=0000000000000000 RDI=00000080002afdb8 RBP=0000000000000000 RSP=00000100000071e0
R8 =0000000000000002 R9 =0000000000000000 R10=0000000000000008 R11=0000010000007c48
R12=0000000000006288 R13=0000000000007608 R14=0000028000000000 R15=00000000000077d8
RIP=000000800008492c RFL=00000216 [----AP-] CPL=0 II=0 A20=1 SMM=0 HLT=0
ES =0010 0000000000000000 ffffffff 00cf9300 DPL=0 DS   [-WA]
CS =0008 0000000000000000 ffffffff 00af9b00 DPL=0 CS64 [-RA]
SS =0000 0000000000000000 ffffffff 00c09300 DPL=0 DS   [-WA]
DS =0010 0000000000000000 ffffffff 00cf9300 DPL=0 DS   [-WA]
FS =0000 0000000000000000 0000ffff 00009300 DPL=0 DS   [-WA]
GS =0000 0000000000000000 0000ffff 00009300 DPL=0 DS   [-WA]
LDT=0000 0000000000000000 0000ffff 00008200 DPL=0 LDT
TR =0010 00000080002b4e30 00000067 00008900 DPL=0 TSS64-avl
GDT=     00000080002b4ea0 0000001f
IDT=     00000080002b4f20 00000fff
CR0=80010011 CR2=0000000000000000 CR3=0000000001589000 CR4=00000020
DR0=0000000000000000 DR1=0000000000000000 DR2=0000000000000000 DR3=0000000000000000 
DR6=00000000ffff0ff0 DR7=0000000000000400
CCS=0000000000000014 CCD=00000080002afdc0 CCO=EFLAGS
EFER=0000000000000d00
Servicing hardware INT=0x20
    88: v=20 e=0000 i=0 cpl=0 IP=0008:000000800008f003 pc=000000800008f003 SP=0000:0000010000006e20 env->regs[R_EAX]=0000000000000001
RAX=0000000000000001 RBX=0000000000004f98 RCX=0000000000000000 RDX=000000800005a8a0
RSI=000000800005a898 RDI=0000010000006e98 RBP=0000000000000000 RSP=0000010000006e20
R8 =0000000000000002 R9 =0000000000000000 R10=0000000000000008 R11=0000010000007c48
R12=0000000000006288 R13=0000000000007608 R14=0000028000000000 R15=00000000000077d8
RIP=000000800008f003 RFL=00000246 [---Z-P-] CPL=0 II=0 A20=1 SMM=0 HLT=0
ES =0010 0000000000000000 ffffffff 00cf9300 DPL=0 DS   [-WA]
CS =0008 0000000000000000 ffffffff 00af9b00 DPL=0 CS64 [-RA]
SS =0000 0000000000000000 ffffffff 00c09300 DPL=0 DS   [-WA]
DS =0010 0000000000000000 ffffffff 00cf9300 DPL=0 DS   [-WA]
FS =0000 0000000000000000 0000ffff 00009300 DPL=0 DS   [-WA]
GS =0000 0000000000000000 0000ffff 00009300 DPL=0 DS   [-WA]
LDT=0000 0000000000000000 0000ffff 00008200 DPL=0 LDT
TR =0010 00000080002b4e30 00000067 00008900 DPL=0 TSS64-avl
GDT=     00000080002b4ea0 0000001f
IDT=     00000080002b4f20 00000fff
CR0=80010011 CR2=0000000000000000 CR3=0000000001589000 CR4=00000020
DR0=0000000000000000 DR1=0000000000000000 DR2=0000000000000000 DR3=0000000000000000 
DR6=00000000ffff0ff0 DR7=0000000000000400
CCS=0000000000000044 CCD=0000000000000000 CCO=EFLAGS
EFER=0000000000000d00
Servicing hardware INT=0x20
    89: v=20 e=0000 i=0 cpl=0 IP=0008:00000080000d9690 pc=00000080000d9690 SP=0000:0000010000007338 env->regs[R_EAX]=00000080000d9690
RAX=00000080000d9690 RBX=0000000000004f98 RCX=0000000000000000 RDX=000044444444d150
RSI=000044444444d138 RDI=0000010000013210 RBP=0000000000000000 RSP=0000010000007338
R8 =0000008000285dd8 R9 =0000000000000000 R10=0000000000000008 R11=0000010000007c48
R12=0000000000006288 R13=0000000000007608 R14=0000028000000000 R15=00000000000077d8
RIP=00000080000d9690 RFL=00000202 [-------] CPL=0 II=0 A20=1 SMM=0 HLT=0
ES =0010 0000000000000000 ffffffff 00cf9300 DPL=0 DS   [-WA]
CS =0008 0000000000000000 ffffffff 00af9b00 DPL=0 CS64 [-RA]
SS =0000 0000000000000000 ffffffff 00c09300 DPL=0 DS   [-WA]
DS =0010 0000000000000000 ffffffff 00cf9300 DPL=0 DS   [-WA]
FS =0000 0000000000000000 0000ffff 00009300 DPL=0 DS   [-WA]
GS =0000 0000000000000000 0000ffff 00009300 DPL=0 DS   [-WA]
LDT=0000 0000000000000000 0000ffff 00008200 DPL=0 LDT
TR =0010 00000080002b4e30 00000067 00008900 DPL=0 TSS64-avl
GDT=     00000080002b4ea0 0000001f
IDT=     00000080002b4f20 00000fff
CR0=80010011 CR2=0000000000000000 CR3=0000000001589000 CR4=00000020
DR0=0000000000000000 DR1=0000000000000000 DR2=0000000000000000 DR3=0000000000000000 
DR6=00000000ffff0ff0 DR7=0000000000000400
CCS=0000000000000000 CCD=0000010000013210 CCO=EFLAGS
EFER=0000000000000d00
Servicing hardware INT=0x20
    90: v=20 e=0000 i=0 cpl=0 IP=0008:00000080000e9a37 pc=00000080000e9a37 SP=0000:0000010000007320 env->regs[R_EAX]=0000444444441900
RAX=0000444444441900 RBX=0000000000004f98 RCX=0000000000000020 RDX=0000000000000001
RSI=0000000000000020 RDI=0000444444441900 RBP=0000000000000000 RSP=0000010000007320
R8 =0000000000000002 R9 =0000000000000000 R10=0000000000000008 R11=0000010000007c48
R12=0000000000006288 R13=0000000000007608 R14=0000028000000000 R15=00000000000077d8
RIP=00000080000e9a37 RFL=00000206 [-----P-] CPL=0 II=0 A20=1 SMM=0 HLT=0
ES =0010 0000000000000000 ffffffff 00cf9300 DPL=0 DS   [-WA]
CS =0008 0000000000000000 ffffffff 00af9b00 DPL=0 CS64 [-RA]
SS =0000 0000000000000000 ffffffff 00c09300 DPL=0 DS   [-WA]
DS =0010 0000000000000000 ffffffff 00cf9300 DPL=0 DS   [-WA]
FS =0000 0000000000000000 0000ffff 00009300 DPL=0 DS   [-WA]
GS =0000 0000000000000000 0000ffff 00009300 DPL=0 DS   [-WA]
LDT=0000 0000000000000000 0000ffff 00008200 DPL=0 LDT
TR =0010 00000080002b4e30 00000067 00008900 DPL=0 TSS64-avl
GDT=     00000080002b4ea0 0000001f
IDT=     00000080002b4f20 00000fff
CR0=80010011 CR2=0000000000000000 CR3=0000000001589000 CR4=00000020
DR0=0000000000000000 DR1=0000000000000000 DR2=0000000000000000 DR3=0000000000000000 
DR6=00000000ffff0ff0 DR7=0000000000000400
CCS=0000000000000004 CCD=0000010000007318 CCO=EFLAGS
EFER=0000000000000d00
Servicing hardware INT=0x20
    91: v=20 e=0000 i=0 cpl=0 IP=0008:00000080000ce9c8 pc=00000080000ce9c8 SP=0000:00000100000074e0 env->regs[R_EAX]=0000000000000000
RAX=0000000000000000 RBX=0000000000004f98 RCX=0000000000000000 RDX=0000444444477700
RSI=0000000000000000 RDI=0000000000000001 RBP=0000000000000000 RSP=00000100000074e0
R8 =0000000000000002 R9 =0000000000000000 R10=0000000000000008 R11=0000010000007c48
R12=0000000000006288 R13=0000000000007608 R14=0000028000000000 R15=00000000000077d8
RIP=00000080000ce9c8 RFL=00000206 [-----P-] CPL=0 II=0 A20=1 SMM=0 HLT=0
ES =0010 0000000000000000 ffffffff 00cf9300 DPL=0 DS   [-WA]
CS =0008 0000000000000000 ffffffff 00af9b00 DPL=0 CS64 [-RA]
SS =0000 0000000000000000 ffffffff 00c09300 DPL=0 DS   [-WA]
DS =0010 0000000000000000 ffffffff 00cf9300 DPL=0 DS   [-WA]
FS =0000 0000000000000000 0000ffff 00009300 DPL=0 DS   [-WA]
GS =0000 0000000000000000 0000ffff 00009300 DPL=0 DS   [-WA]
LDT=0000 0000000000000000 0000ffff 00008200 DPL=0 LDT
TR =0010 00000080002b4e30 00000067 00008900 DPL=0 TSS64-avl
GDT=     00000080002b4ea0 0000001f
IDT=     00000080002b4f20 00000fff
CR0=80010011 CR2=0000000000000000 CR3=0000000001589000 CR4=00000020
DR0=0000000000000000 DR1=0000000000000000 DR2=0000000000000000 DR3=0000000000000000 
DR6=00000000ffff0ff0 DR7=0000000000000400
CCS=0000000000000004 CCD=00000100000074d8 CCO=EFLAGS
EFER=0000000000000d00
Servicing hardware INT=0x20
    92: v=20 e=0000 i=0 cpl=0 IP=0008:00000080000d97b0 pc=00000080000d97b0 SP=0000:0000010000007460 env->regs[R_EAX]=0000000000000001
RAX=0000000000000001 RBX=0000000000004f98 RCX=0000000000000000 RDX=0000000000000000
RSI=0000010000012c70 RDI=0000000000000001 RBP=0000000000000000 RSP=0000010000007460
R8 =0000000000000002 R9 =0000000000000000 R10=0000000000000008 R11=0000010000007c48
R12=0000000000006288 R13=0000000000007608 R14=0000028000000000 R15=00000000000077d8
RIP=00000080000d97b0 RFL=00000202 [-------] CPL=0 II=0 A20=1 SMM=0 HLT=0
ES =0010 0000000000000000 ffffffff 00cf9300 DPL=0 DS   [-WA]
CS =0008 0000000000000000 ffffffff 00af9b00 DPL=0 CS64 [-RA]
SS =0000 0000000000000000 ffffffff 00c09300 DPL=0 DS   [-WA]
DS =0010 0000000000000000 ffffffff 00cf9300 DPL=0 DS   [-WA]
FS =0000 0000000000000000 0000ffff 00009300 DPL=0 DS   [-WA]
GS =0000 0000000000000000 0000ffff 00009300 DPL=0 DS   [-WA]
LDT=0000 0000000000000000 0000ffff 00008200 DPL=0 LDT
TR =0010 00000080002b4e30 00000067 00008900 DPL=0 TSS64-avl
GDT=     00000080002b4ea0 0000001f
IDT=     00000080002b4f20 00000fff
CR0=80010011 CR2=0000000000000000 CR3=0000000001589000 CR4=00000020
DR0=0000000000000000 DR1=0000000000000000 DR2=0000000000000000 DR3=0000000000000000 
DR6=00000000ffff0ff0 DR7=0000000000000400
CCS=0000000000000000 CCD=0000000000000001 CCO=EFLAGS
EFER=0000000000000d00
Servicing hardware INT=0x20
    93: v=20 e=0000 i=0 cpl=0 IP=0008:00000080000a48c0 pc=00000080000a48c0 SP=0000:00000100000072b8 env->regs[R_EAX]=00000080000a48c0
RAX=00000080000a48c0 RBX=0000000000004f98 RCX=0000000000000020 RDX=0000000000000001
RSI=0000000000000001 RDI=0000444444449660 RBP=0000000000000000 RSP=00000100000072b8
R8 =0000000000000002 R9 =0000000000000000 R10=0000000000000008 R11=0000010000007c48
R12=0000000000006288 R13=0000000000007608 R14=0000028000000000 R15=00000000000077d8
RIP=00000080000a48c0 RFL=00000206 [-----P-] CPL=0 II=0 A20=1 SMM=0 HLT=0
ES =0010 0000000000000000 ffffffff 00cf9300 DPL=0 DS   [-WA]
CS =0008 0000000000000000 ffffffff 00af9b00 DPL=0 CS64 [-RA]
SS =0000 0000000000000000 ffffffff 00c09300 DPL=0 DS   [-WA]
DS =0010 0000000000000000 ffffffff 00cf9300 DPL=0 DS   [-WA]
FS =0000 0000000000000000 0000ffff 00009300 DPL=0 DS   [-WA]
GS =0000 0000000000000000 0000ffff 00009300 DPL=0 DS   [-WA]
LDT=0000 0000000000000000 0000ffff 00008200 DPL=0 LDT
TR =0010 00000080002b4e30 00000067 00008900 DPL=0 TSS64-avl
GDT=     00000080002b4ea0 0000001f
IDT=     00000080002b4f20 00000fff
CR0=80010011 CR2=0000000000000000 CR3=0000000001589000 CR4=00000020
DR0=0000000000000000 DR1=0000000000000000 DR2=0000000000000000 DR3=0000000000000000 
DR6=00000000ffff0ff0 DR7=0000000000000400
CCS=0000000000000004 CCD=00000100000072c0 CCO=EFLAGS
EFER=0000000000000d00
Servicing hardware INT=0x20
    94: v=20 e=0000 i=0 cpl=0 IP=0008:000000800008efe4 pc=000000800008efe4 SP=0000:0000010000006f00 env->regs[R_EAX]=000000800005a8a8
RAX=000000800005a8a8 RBX=0000000000004f98 RCX=000000800005a8b0 RDX=000000800005a8a0
RSI=000000800005a8a0 RDI=0000010000006f78 RBP=0000000000000000 RSP=0000010000006f00
R8 =0000000000000002 R9 =0000000000000000 R10=0000000000000008 R11=0000010000007c48
R12=0000000000006288 R13=0000000000007608 R14=0000028000000000 R15=00000000000077d8
RIP=000000800008efe4 RFL=00000202 [-------] CPL=0 II=0 A20=1 SMM=0 HLT=0
ES =0010 0000000000000000 ffffffff 00cf9300 DPL=0 DS   [-WA]
CS =0008 0000000000000000 ffffffff 00af9b00 DPL=0 CS64 [-RA]
SS =0000 0000000000000000 ffffffff 00c09300 DPL=0 DS   [-WA]
DS =0010 0000000000000000 ffffffff 00cf9300 DPL=0 DS   [-WA]
FS =0000 0000000000000000 0000ffff 00009300 DPL=0 DS   [-WA]
GS =0000 0000000000000000 0000ffff 00009300 DPL=0 DS   [-WA]
LDT=0000 0000000000000000 0000ffff 00008200 DPL=0 LDT
TR =0010 00000080002b4e30 00000067 00008900 DPL=0 TSS64-avl
GDT=     00000080002b4ea0 0000001f
IDT=     00000080002b4f20 00000fff
CR0=80010011 CR2=0000000000000000 CR3=0000000001589000 CR4=00000020
DR0=0000000000000000 DR1=0000000000000000 DR2=0000000000000000 DR3=0000000000000000 
DR6=00000000ffff0ff0 DR7=0000000000000400
CCS=0000000000000000 CCD=0000010000006ef8 CCO=EFLAGS
EFER=0000000000000d00
Servicing hardware INT=0x20
    95: v=20 e=0000 i=0 cpl=0 IP=0008:0000008000084b79 pc=0000008000084b79 SP=0000:0000010000006f50 env->regs[R_EAX]=0000444444441900
RAX=0000444444441900 RBX=0000000000004f98 RCX=000000800007af00 RDX=0000000000000001
RSI=0000000000000000 RDI=00000080002afdb8 RBP=0000000000000000 RSP=0000010000006f50
R8 =0000000000000002 R9 =0000000000000000 R10=0000000000000008 R11=0000010000007c48
R12=0000000000006288 R13=0000000000007608 R14=0000028000000000 R15=00000000000077d8
RIP=0000008000084b79 RFL=00000206 [-----P-] CPL=0 II=0 A20=1 SMM=0 HLT=0
ES =0010 0000000000000000 ffffffff 00cf9300 DPL=0 DS   [-WA]
CS =0008 0000000000000000 ffffffff 00af9b00 DPL=0 CS64 [-RA]
SS =0000 0000000000000000 ffffffff 00c09300 DPL=0 DS   [-WA]
DS =0010 0000000000000000 ffffffff 00cf9300 DPL=0 DS   [-WA]
FS =0000 0000000000000000 0000ffff 00009300 DPL=0 DS   [-WA]
GS =0000 0000000000000000 0000ffff 00009300 DPL=0 DS   [-WA]
LDT=0000 0000000000000000 0000ffff 00008200 DPL=0 LDT
TR =0010 00000080002b4e30 00000067 00008900 DPL=0 TSS64-avl
GDT=     00000080002b4ea0 0000001f
IDT=     00000080002b4f20 00000fff
CR0=80010011 CR2=0000000000000000 CR3=0000000001589000 CR4=00000020
DR0=0000000000000000 DR1=0000000000000000 DR2=0000000000000000 DR3=0000000000000000 
DR6=00000000ffff0ff0 DR7=0000000000000400
CCS=0000000000000004 CCD=0000010000006f48 CCO=EFLAGS
EFER=0000000000000d00
Servicing hardware INT=0x20
    96: v=20 e=0000 i=0 cpl=0 IP=0008:00000080000844e0 pc=00000080000844e0 SP=0000:0000010000007088 env->regs[R_EAX]=00000080000844e0
RAX=00000080000844e0 RBX=0000000000004f98 RCX=0000000000000000 RDX=0000010000013b58
RSI=0000000000000001 RDI=00000080002b4ef8 RBP=0000000000000000 RSP=0000010000007088
R8 =0000000000000010 R9 =0000000000000000 R10=0000000000000008 R11=0000010000007c48
R12=0000000000006288 R13=0000000000007608 R14=0000028000000000 R15=00000000000077d8
RIP=00000080000844e0 RFL=00000206 [-----P-] CPL=0 II=0 A20=1 SMM=0 HLT=0
ES =0010 0000000000000000 ffffffff 00cf9300 DPL=0 DS   [-WA]
CS =0008 0000000000000000 ffffffff 00af9b00 DPL=0 CS64 [-RA]
SS =0000 0000000000000000 ffffffff 00c09300 DPL=0 DS   [-WA]
DS =0010 0000000000000000 ffffffff 00cf9300 DPL=0 DS   [-WA]
FS =0000 0000000000000000 0000ffff 00009300 DPL=0 DS   [-WA]
GS =0000 0000000000000000 0000ffff 00009300 DPL=0 DS   [-WA]
LDT=0000 0000000000000000 0000ffff 00008200 DPL=0 LDT
TR =0010 00000080002b4e30 00000067 00008900 DPL=0 TSS64-avl
GDT=     00000080002b4ea0 0000001f
IDT=     00000080002b4f20 00000fff
CR0=80010011 CR2=0000000000000000 CR3=0000000001589000 CR4=00000020
DR0=0000000000000000 DR1=0000000000000000 DR2=0000000000000000 DR3=0000000000000000 
DR6=00000000ffff0ff0 DR7=0000000000000400
CCS=0000000000000004 CCD=0000010000007090 CCO=EFLAGS
EFER=0000000000000d00
Servicing hardware INT=0x20
    97: v=20 e=0000 i=0 cpl=0 IP=0008:000000800008f94d pc=000000800008f94d SP=0000:0000010000007060 env->regs[R_EAX]=0000444444441900
RAX=0000444444441900 RBX=0000000000004f98 RCX=0000000000000000 RDX=0000000000000000
RSI=0000444444449680 RDI=0000444444441920 RBP=0000000000000000 RSP=0000010000007060
R8 =0000000000000000 R9 =0000000000000000 R10=0000000000000008 R11=0000010000007c48
R12=0000000000006288 R13=0000000000007608 R14=0000028000000000 R15=00000000000077d8
RIP=000000800008f94d RFL=00000246 [---Z-P-] CPL=0 II=0 A20=1 SMM=0 HLT=0
ES =0010 0000000000000000 ffffffff 00cf9300 DPL=0 DS   [-WA]
CS =0008 0000000000000000 ffffffff 00af9b00 DPL=0 CS64 [-RA]
SS =0000 0000000000000000 ffffffff 00c09300 DPL=0 DS   [-WA]
DS =0010 0000000000000000 ffffffff 00cf9300 DPL=0 DS   [-WA]
FS =0000 0000000000000000 0000ffff 00009300 DPL=0 DS   [-WA]
GS =0000 0000000000000000 0000ffff 00009300 DPL=0 DS   [-WA]
LDT=0000 0000000000000000 0000ffff 00008200 DPL=0 LDT
TR =0010 00000080002b4e30 00000067 00008900 DPL=0 TSS64-avl
GDT=     00000080002b4ea0 0000001f
IDT=     00000080002b4f20 00000fff
CR0=80010011 CR2=0000000000000000 CR3=0000000001589000 CR4=00000020
DR0=0000000000000000 DR1=0000000000000000 DR2=0000000000000000 DR3=0000000000000000 
DR6=00000000ffff0ff0 DR7=0000000000000400
CCS=0000000000000044 CCD=0000000000000000 CCO=EFLAGS
EFER=0000000000000d00
Servicing hardware INT=0x20
    98: v=20 e=0000 i=0 cpl=0 IP=0008:00000080000ab980 pc=00000080000ab980 SP=0000:00000100000074d8 env->regs[R_EAX]=00000080000ab980
RAX=00000080000ab980 RBX=0000000000004f98 RCX=0000000000000004 RDX=0000000000000001
RSI=0000000000000001 RDI=0000444444477700 RBP=0000000000000000 RSP=00000100000074d8
R8 =0000000000000002 R9 =0000000000000000 R10=0000000000000008 R11=0000010000007c48
R12=0000000000006288 R13=0000000000007608 R14=0000028000000000 R15=00000000000077d8
RIP=00000080000ab980 RFL=00000206 [-----P-] CPL=0 II=0 A20=1 SMM=0 HLT=0
ES =0010 0000000000000000 ffffffff 00cf9300 DPL=0 DS   [-WA]
CS =0008 0000000000000000 ffffffff 00af9b00 DPL=0 CS64 [-RA]
SS =0000 0000000000000000 ffffffff 00c09300 DPL=0 DS   [-WA]
DS =0010 0000000000000000 ffffffff 00cf9300 DPL=0 DS   [-WA]
FS =0000 0000000000000000 0000ffff 00009300 DPL=0 DS   [-WA]
GS =0000 0000000000000000 0000ffff 00009300 DPL=0 DS   [-WA]
LDT=0000 0000000000000000 0000ffff 00008200 DPL=0 LDT
TR =0010 00000080002b4e30 00000067 00008900 DPL=0 TSS64-avl
GDT=     00000080002b4ea0 0000001f
IDT=     00000080002b4f20 00000fff
CR0=80010011 CR2=0000000000000000 CR3=0000000001589000 CR4=00000020
DR0=0000000000000000 DR1=0000000000000000 DR2=0000000000000000 DR3=0000000000000000 
DR6=00000000ffff0ff0 DR7=0000000000000400
CCS=0000000000000004 CCD=00000100000074d8 CCO=EFLAGS
EFER=0000000000000d00
Servicing hardware INT=0x20
    99: v=20 e=0000 i=0 cpl=0 IP=0008:0000008000084d70 pc=0000008000084d70 SP=0000:0000010000006df8 env->regs[R_EAX]=0000000000000020
RAX=0000000000000020 RBX=0000000000004f98 RCX=0000008000093470 RDX=00000080002afdc0
RSI=0000000000000000 RDI=0000010000006e70 RBP=0000000000000000 RSP=0000010000006df8
R8 =0000000000000002 R9 =0000000000000000 R10=0000000000000008 R11=0000010000007c48
R12=0000000000006288 R13=0000000000007608 R14=0000028000000000 R15=00000000000077d8
RIP=0000008000084d70 RFL=00000206 [-----P-] CPL=0 II=0 A20=1 SMM=0 HLT=0
ES =0010 0000000000000000 ffffffff 00cf9300 DPL=0 DS   [-WA]
CS =0008 0000000000000000 ffffffff 00af9b00 DPL=0 CS64 [-RA]
SS =0000 0000000000000000 ffffffff 00c09300 DPL=0 DS   [-WA]
DS =0010 0000000000000000 ffffffff 00cf9300 DPL=0 DS   [-WA]
FS =0000 0000000000000000 0000ffff 00009300 DPL=0 DS   [-WA]
GS =0000 0000000000000000 0000ffff 00009300 DPL=0 DS   [-WA]
LDT=0000 0000000000000000 0000ffff 00008200 DPL=0 LDT
TR =0010 00000080002b4e30 00000067 00008900 DPL=0 TSS64-avl
GDT=     00000080002b4ea0 0000001f
IDT=     00000080002b4f20 00000fff
CR0=80010011 CR2=0000000000000000 CR3=0000000001589000 CR4=00000020
DR0=0000000000000000 DR1=0000000000000000 DR2=0000000000000000 DR3=0000000000000000 
DR6=00000000ffff0ff0 DR7=0000000000000400
CCS=0000000000000004 CCD=0000010000006e00 CCO=EFLAGS
EFER=0000000000000d00
Servicing hardware INT=0x20
   100: v=20 e=0000 i=0 cpl=0 IP=0008:000000800023a800 pc=000000800023a800 SP=0000:0000010000006f48 env->regs[R_EAX]=000000800023a800
RAX=000000800023a800 RBX=0000000000004f98 RCX=0000000000000010 RDX=00000080002afdc0
RSI=0000000000000010 RDI=0000000000000020 RBP=0000000000000000 RSP=0000010000006f48
R8 =0000000000000002 R9 =0000000000000000 R10=0000000000000008 R11=0000010000007c48
R12=0000000000006288 R13=0000000000007608 R14=0000028000000000 R15=00000000000077d8
RIP=000000800023a800 RFL=00000206 [-----P-] CPL=0 II=0 A20=1 SMM=0 HLT=0
ES =0010 0000000000000000 ffffffff 00cf9300 DPL=0 DS   [-WA]
CS =0008 0000000000000000 ffffffff 00af9b00 DPL=0 CS64 [-RA]
SS =0000 0000000000000000 ffffffff 00c09300 DPL=0 DS   [-WA]
DS =0010 0000000000000000 ffffffff 00cf9300 DPL=0 DS   [-WA]
FS =0000 0000000000000000 0000ffff 00009300 DPL=0 DS   [-WA]
GS =0000 0000000000000000 0000ffff 00009300 DPL=0 DS   [-WA]
LDT=0000 0000000000000000 0000ffff 00008200 DPL=0 LDT
TR =0010 00000080002b4e30 00000067 00008900 DPL=0 TSS64-avl
GDT=     00000080002b4ea0 0000001f
IDT=     00000080002b4f20 00000fff
CR0=80010011 CR2=0000000000000000 CR3=0000000001589000 CR4=00000020
DR0=0000000000000000 DR1=0000000000000000 DR2=0000000000000000 DR3=0000000000000000 
DR6=00000000ffff0ff0 DR7=0000000000000400
CCS=0000000000000004 CCD=0000010000006f60 CCO=EFLAGS
EFER=0000000000000d00
Servicing hardware INT=0x20
   101: v=20 e=0000 i=0 cpl=0 IP=0008:00000080000c68e0 pc=00000080000c68e0 SP=0000:0000010000006f08 env->regs[R_EAX]=0000444444441900
RAX=0000444444441900 RBX=0000000000004f98 RCX=0000008000084b60 RDX=0000000000000001
RSI=0000000000000000 RDI=0000444444441900 RBP=0000000000000000 RSP=0000010000006f08
R8 =0000000000000002 R9 =0000000000000000 R10=0000000000000008 R11=0000010000007c48
R12=0000000000006288 R13=0000000000007608 R14=0000028000000000 R15=00000000000077d8
RIP=00000080000c68e0 RFL=00000206 [-----P-] CPL=0 II=0 A20=1 SMM=0 HLT=0
ES =0010 0000000000000000 ffffffff 00cf9300 DPL=0 DS   [-WA]
CS =0008 0000000000000000 ffffffff 00af9b00 DPL=0 CS64 [-RA]
SS =0000 0000000000000000 ffffffff 00c09300 DPL=0 DS   [-WA]
DS =0010 0000000000000000 ffffffff 00cf9300 DPL=0 DS   [-WA]
FS =0000 0000000000000000 0000ffff 00009300 DPL=0 DS   [-WA]
GS =0000 0000000000000000 0000ffff 00009300 DPL=0 DS   [-WA]
LDT=0000 0000000000000000 0000ffff 00008200 DPL=0 LDT
TR =0010 00000080002b4e30 00000067 00008900 DPL=0 TSS64-avl
GDT=     00000080002b4ea0 0000001f
IDT=     00000080002b4f20 00000fff
CR0=80010011 CR2=0000000000000000 CR3=0000000001589000 CR4=00000020
DR0=0000000000000000 DR1=0000000000000000 DR2=0000000000000000 DR3=0000000000000000 
DR6=00000000ffff0ff0 DR7=0000000000000400
CCS=0000000000000004 CCD=0000444444441900 CCO=EFLAGS
EFER=0000000000000d00
Servicing hardware INT=0x20
   102: v=20 e=0000 i=0 cpl=0 IP=0008:000000800009359f pc=000000800009359f SP=0000:0000010000007140 env->regs[R_EAX]=0000000000000001
RAX=0000000000000001 RBX=0000000000004f98 RCX=00000100000071c0 RDX=000000800005a8a8
RSI=000000800005a8a8 RDI=0000000000000001 RBP=0000000000000000 RSP=0000010000007140
R8 =0000000000000002 R9 =0000000000000000 R10=0000000000000008 R11=0000010000007c48
R12=0000000000006288 R13=0000000000007608 R14=0000028000000000 R15=00000000000077d8
RIP=000000800009359f RFL=00000202 [-------] CPL=0 II=0 A20=1 SMM=0 HLT=0
ES =0010 0000000000000000 ffffffff 00cf9300 DPL=0 DS   [-WA]
CS =0008 0000000000000000 ffffffff 00af9b00 DPL=0 CS64 [-RA]
SS =0000 0000000000000000 ffffffff 00c09300 DPL=0 DS   [-WA]
DS =0010 0000000000000000 ffffffff 00cf9300 DPL=0 DS   [-WA]
FS =0000 0000000000000000 0000ffff 00009300 DPL=0 DS   [-WA]
GS =0000 0000000000000000 0000ffff 00009300 DPL=0 DS   [-WA]
LDT=0000 0000000000000000 0000ffff 00008200 DPL=0 LDT
TR =0010 00000080002b4e30 00000067 00008900 DPL=0 TSS64-avl
GDT=     00000080002b4ea0 0000001f
IDT=     00000080002b4f20 00000fff
CR0=80010011 CR2=0000000000000000 CR3=0000000001589000 CR4=00000020
DR0=0000000000000000 DR1=0000000000000000 DR2=0000000000000000 DR3=0000000000000000 
DR6=00000000ffff0ff0 DR7=0000000000000400
CCS=0000000000000000 CCD=0000000000000001 CCO=EFLAGS
EFER=0000000000000d00
Servicing hardware INT=0x20
   103: v=20 e=0000 i=0 cpl=0 IP=0008:000000800008c220 pc=000000800008c220 SP=0000:00000100000070c8 env->regs[R_EAX]=0000000000000001
RAX=0000000000000001 RBX=0000000000004f98 RCX=0000000000000000 RDX=0000000000000000
RSI=0000000000000010 RDI=0000010000007150 RBP=0000000000000000 RSP=00000100000070c8
R8 =0000000000000010 R9 =0000000000000000 R10=0000000000000008 R11=0000010000007c48
R12=0000000000006288 R13=0000000000007608 R14=0000028000000000 R15=00000000000077d8
RIP=000000800008c220 RFL=00000202 [-------] CPL=0 II=0 A20=1 SMM=0 HLT=0
ES =0010 0000000000000000 ffffffff 00cf9300 DPL=0 DS   [-WA]
CS =0008 0000000000000000 ffffffff 00af9b00 DPL=0 CS64 [-RA]
SS =0000 0000000000000000 ffffffff 00c09300 DPL=0 DS   [-WA]
DS =0010 0000000000000000 ffffffff 00cf9300 DPL=0 DS   [-WA]
FS =0000 0000000000000000 0000ffff 00009300 DPL=0 DS   [-WA]
GS =0000 0000000000000000 0000ffff 00009300 DPL=0 DS   [-WA]
LDT=0000 0000000000000000 0000ffff 00008200 DPL=0 LDT
TR =0010 00000080002b4e30 00000067 00008900 DPL=0 TSS64-avl
GDT=     00000080002b4ea0 0000001f
IDT=     00000080002b4f20 00000fff
CR0=80010011 CR2=0000000000000000 CR3=0000000001589000 CR4=00000020
DR0=0000000000000000 DR1=0000000000000000 DR2=0000000000000000 DR3=0000000000000000 
DR6=00000000ffff0ff0 DR7=0000000000000400
CCS=0000000000000000 CCD=00000100000070d0 CCO=EFLAGS
EFER=0000000000000d00
Servicing hardware INT=0x20
   104: v=20 e=0000 i=0 cpl=0 IP=0008:000000800024915d pc=000000800024915d SP=0000:0000010000006f00 env->regs[R_EAX]=0000008000249101
RAX=0000008000249101 RBX=0000000000004f98 RCX=0000000000000000 RDX=0000000000000010
RSI=0000010000006f30 RDI=0000010000006f28 RBP=0000000000000000 RSP=0000010000006f00
R8 =0000000000000002 R9 =0000000000000000 R10=0000000000000008 R11=0000010000007c48
R12=0000000000006288 R13=0000000000007608 R14=0000028000000000 R15=00000000000077d8
RIP=000000800024915d RFL=00000202 [-------] CPL=0 II=0 A20=1 SMM=0 HLT=0
ES =0010 0000000000000000 ffffffff 00cf9300 DPL=0 DS   [-WA]
CS =0008 0000000000000000 ffffffff 00af9b00 DPL=0 CS64 [-RA]
SS =0000 0000000000000000 ffffffff 00c09300 DPL=0 DS   [-WA]
DS =0010 0000000000000000 ffffffff 00cf9300 DPL=0 DS   [-WA]
FS =0000 0000000000000000 0000ffff 00009300 DPL=0 DS   [-WA]
GS =0000 0000000000000000 0000ffff 00009300 DPL=0 DS   [-WA]
LDT=0000 0000000000000000 0000ffff 00008200 DPL=0 LDT
TR =0010 00000080002b4e30 00000067 00008900 DPL=0 TSS64-avl
GDT=     00000080002b4ea0 0000001f
IDT=     00000080002b4f20 00000fff
CR0=80010011 CR2=0000000000000000 CR3=0000000001589000 CR4=00000020
DR0=0000000000000000 DR1=0000000000000000 DR2=0000000000000000 DR3=0000000000000000 
DR6=00000000ffff0ff0 DR7=0000000000000400
CCS=0000000000000000 CCD=0000008000249101 CCO=EFLAGS
EFER=0000000000000d00
Servicing hardware INT=0x20
   105: v=20 e=0000 i=0 cpl=0 IP=0008:000000800008472f pc=000000800008472f SP=0000:0000010000006eb0 env->regs[R_EAX]=00000080002afdc0
RAX=00000080002afdc0 RBX=0000000000004f98 RCX=0000010000006e90 RDX=0000000000000002
RSI=000000800005a8a8 RDI=0000010000006f08 RBP=0000000000000000 RSP=0000010000006eb0
R8 =0000000000000002 R9 =0000000000000000 R10=0000000000000008 R11=0000010000007c48
R12=0000000000006288 R13=0000000000007608 R14=0000028000000000 R15=00000000000077d8
RIP=000000800008472f RFL=00000202 [-------] CPL=0 II=0 A20=1 SMM=0 HLT=0
ES =0010 0000000000000000 ffffffff 00cf9300 DPL=0 DS   [-WA]
CS =0008 0000000000000000 ffffffff 00af9b00 DPL=0 CS64 [-RA]
SS =0000 0000000000000000 ffffffff 00c09300 DPL=0 DS   [-WA]
DS =0010 0000000000000000 ffffffff 00cf9300 DPL=0 DS   [-WA]
FS =0000 0000000000000000 0000ffff 00009300 DPL=0 DS   [-WA]
GS =0000 0000000000000000 0000ffff 00009300 DPL=0 DS   [-WA]
LDT=0000 0000000000000000 0000ffff 00008200 DPL=0 LDT
TR =0010 00000080002b4e30 00000067 00008900 DPL=0 TSS64-avl
GDT=     00000080002b4ea0 0000001f
IDT=     00000080002b4f20 00000fff
CR0=80010011 CR2=0000000000000000 CR3=0000000001589000 CR4=00000020
DR0=0000000000000000 DR1=0000000000000000 DR2=0000000000000000 DR3=0000000000000000 
DR6=00000000ffff0ff0 DR7=0000000000000400
CCS=0000000000000000 CCD=0000000000000001 CCO=EFLAGS
EFER=0000000000000d00
Servicing hardware INT=0x20
   106: v=20 e=0000 i=0 cpl=0 IP=0008:0000008000086617 pc=0000008000086617 SP=0000:00000100000070b0 env->regs[R_EAX]=0000000000000000
RAX=0000000000000000 RBX=0000000000004f98 RCX=000000800007af00 RDX=0000000000000001
RSI=0000000000000000 RDI=00000080002b4ef8 RBP=0000000000000000 RSP=00000100000070b0
R8 =0000000000000002 R9 =0000000000000000 R10=0000000000000008 R11=0000010000007c48
R12=0000000000006288 R13=0000000000007608 R14=0000028000000000 R15=00000000000077d8
RIP=0000008000086617 RFL=00000202 [-------] CPL=0 II=0 A20=1 SMM=0 HLT=0
ES =0010 0000000000000000 ffffffff 00cf9300 DPL=0 DS   [-WA]
CS =0008 0000000000000000 ffffffff 00af9b00 DPL=0 CS64 [-RA]
SS =0000 0000000000000000 ffffffff 00c09300 DPL=0 DS   [-WA]
DS =0010 0000000000000000 ffffffff 00cf9300 DPL=0 DS   [-WA]
FS =0000 0000000000000000 0000ffff 00009300 DPL=0 DS   [-WA]
GS =0000 0000000000000000 0000ffff 00009300 DPL=0 DS   [-WA]
LDT=0000 0000000000000000 0000ffff 00008200 DPL=0 LDT
TR =0010 00000080002b4e30 00000067 00008900 DPL=0 TSS64-avl
GDT=     00000080002b4ea0 0000001f
IDT=     00000080002b4f20 00000fff
CR0=80010011 CR2=0000000000000000 CR3=0000000001589000 CR4=00000020
DR0=0000000000000000 DR1=0000000000000000 DR2=0000000000000000 DR3=0000000000000000 
DR6=00000000ffff0ff0 DR7=0000000000000400
CCS=0000000000000000 CCD=00000100000070a8 CCO=EFLAGS
EFER=0000000000000d00
Servicing hardware INT=0x20
   107: v=20 e=0000 i=0 cpl=0 IP=0008:000000800024915d pc=000000800024915d SP=0000:0000010000007150 env->regs[R_EAX]=0000008000249101
RAX=0000008000249101 RBX=0000000000004f98 RCX=0000000000000000 RDX=0000000000000010
RSI=0000010000007180 RDI=0000010000007178 RBP=0000000000000000 RSP=0000010000007150
R8 =0000000000000002 R9 =0000000000000000 R10=0000000000000008 R11=0000010000007c48
R12=0000000000006288 R13=0000000000007608 R14=0000028000000000 R15=00000000000077d8
RIP=000000800024915d RFL=00000202 [-------] CPL=0 II=0 A20=1 SMM=0 HLT=0
ES =0010 0000000000000000 ffffffff 00cf9300 DPL=0 DS   [-WA]
CS =0008 0000000000000000 ffffffff 00af9b00 DPL=0 CS64 [-RA]
SS =0000 0000000000000000 ffffffff 00c09300 DPL=0 DS   [-WA]
DS =0010 0000000000000000 ffffffff 00cf9300 DPL=0 DS   [-WA]
FS =0000 0000000000000000 0000ffff 00009300 DPL=0 DS   [-WA]
GS =0000 0000000000000000 0000ffff 00009300 DPL=0 DS   [-WA]
LDT=0000 0000000000000000 0000ffff 00008200 DPL=0 LDT
TR =0010 00000080002b4e30 00000067 00008900 DPL=0 TSS64-avl
GDT=     00000080002b4ea0 0000001f
IDT=     00000080002b4f20 00000fff
CR0=80010011 CR2=0000000000000000 CR3=0000000001589000 CR4=00000020
DR0=0000000000000000 DR1=0000000000000000 DR2=0000000000000000 DR3=0000000000000000 
DR6=00000000ffff0ff0 DR7=0000000000000400
CCS=0000000000000000 CCD=0000008000249101 CCO=EFLAGS
EFER=0000000000000d00
Servicing hardware INT=0x20
   108: v=20 e=0000 i=0 cpl=0 IP=0008:00000080000f6054 pc=00000080000f6054 SP=0000:0000010000007340 env->regs[R_EAX]=0000000000000000
RAX=0000000000000000 RBX=0000000000004f98 RCX=0000000000000000 RDX=000044444444d150
RSI=000044444444d138 RDI=00000100000131f8 RBP=0000000000000000 RSP=0000010000007340
R8 =0000008000285dd8 R9 =0000000000000000 R10=0000000000000008 R11=0000010000007c48
R12=0000000000006288 R13=0000000000007608 R14=0000028000000000 R15=00000000000077d8
RIP=00000080000f6054 RFL=00000246 [---Z-P-] CPL=0 II=0 A20=1 SMM=0 HLT=0
ES =0010 0000000000000000 ffffffff 00cf9300 DPL=0 DS   [-WA]
CS =0008 0000000000000000 ffffffff 00af9b00 DPL=0 CS64 [-RA]
SS =0000 0000000000000000 ffffffff 00c09300 DPL=0 DS   [-WA]
DS =0010 0000000000000000 ffffffff 00cf9300 DPL=0 DS   [-WA]
FS =0000 0000000000000000 0000ffff 00009300 DPL=0 DS   [-WA]
GS =0000 0000000000000000 0000ffff 00009300 DPL=0 DS   [-WA]
LDT=0000 0000000000000000 0000ffff 00008200 DPL=0 LDT
TR =0010 00000080002b4e30 00000067 00008900 DPL=0 TSS64-avl
GDT=     00000080002b4ea0 0000001f
IDT=     00000080002b4f20 00000fff
CR0=80010011 CR2=0000000000000000 CR3=0000000001589000 CR4=00000020
DR0=0000000000000000 DR1=0000000000000000 DR2=0000000000000000 DR3=0000000000000000 
DR6=00000000ffff0ff0 DR7=0000000000000400
CCS=0000000000000044 CCD=0000000000000000 CCO=EFLAGS
EFER=0000000000000d00
Servicing hardware INT=0x20
   109: v=20 e=0000 i=0 cpl=0 IP=0008:000000800023a821 pc=000000800023a821 SP=0000:0000010000006f20 env->regs[R_EAX]=0000008000249101
RAX=0000008000249101 RBX=0000000000004f98 RCX=0000000000000000 RDX=0000000000000010
RSI=0000010000006f30 RDI=0000010000006f28 RBP=0000000000000000 RSP=0000010000006f20
R8 =0000000000000002 R9 =0000000000000000 R10=0000000000000008 R11=0000010000007c48
R12=0000000000006288 R13=0000000000007608 R14=0000028000000000 R15=00000000000077d8
RIP=000000800023a821 RFL=00000206 [-----P-] CPL=0 II=0 A20=1 SMM=0 HLT=0
ES =0010 0000000000000000 ffffffff 00cf9300 DPL=0 DS   [-WA]
CS =0008 0000000000000000 ffffffff 00af9b00 DPL=0 CS64 [-RA]
SS =0000 0000000000000000 ffffffff 00c09300 DPL=0 DS   [-WA]
DS =0010 0000000000000000 ffffffff 00cf9300 DPL=0 DS   [-WA]
FS =0000 0000000000000000 0000ffff 00009300 DPL=0 DS   [-WA]
GS =0000 0000000000000000 0000ffff 00009300 DPL=0 DS   [-WA]
LDT=0000 0000000000000000 0000ffff 00008200 DPL=0 LDT
TR =0010 00000080002b4e30 00000067 00008900 DPL=0 TSS64-avl
GDT=     00000080002b4ea0 0000001f
IDT=     00000080002b4f20 00000fff
CR0=80010011 CR2=0000000000000000 CR3=0000000001589000 CR4=00000020
DR0=0000000000000000 DR1=0000000000000000 DR2=0000000000000000 DR3=0000000000000000 
DR6=00000000ffff0ff0 DR7=0000000000000400
CCS=0000000000000004 CCD=0000010000006f18 CCO=EFLAGS
EFER=0000000000000d00
Servicing hardware INT=0x20
   110: v=20 e=0000 i=0 cpl=0 IP=0008:000000800008f012 pc=000000800008f012 SP=0000:0000010000006f00 env->regs[R_EAX]=0000000000000000
RAX=0000000000000000 RBX=0000000000004f98 RCX=0000010000006f70 RDX=000000800005a8a0
RSI=000000800005a8a0 RDI=0000010000006f28 RBP=0000000000000000 RSP=0000010000006f00
R8 =0000000000000002 R9 =0000000000000000 R10=0000000000000008 R11=0000010000007c48
R12=0000000000006288 R13=0000000000007608 R14=0000028000000000 R15=00000000000077d8
RIP=000000800008f012 RFL=00000246 [---Z-P-] CPL=0 II=0 A20=1 SMM=0 HLT=0
ES =0010 0000000000000000 ffffffff 00cf9300 DPL=0 DS   [-WA]
CS =0008 0000000000000000 ffffffff 00af9b00 DPL=0 CS64 [-RA]
SS =0000 0000000000000000 ffffffff 00c09300 DPL=0 DS   [-WA]
DS =0010 0000000000000000 ffffffff 00cf9300 DPL=0 DS   [-WA]
FS =0000 0000000000000000 0000ffff 00009300 DPL=0 DS   [-WA]
GS =0000 0000000000000000 0000ffff 00009300 DPL=0 DS   [-WA]
LDT=0000 0000000000000000 0000ffff 00008200 DPL=0 LDT
TR =0010 00000080002b4e30 00000067 00008900 DPL=0 TSS64-avl
GDT=     00000080002b4ea0 0000001f
IDT=     00000080002b4f20 00000fff
CR0=80010011 CR2=0000000000000000 CR3=0000000001589000 CR4=00000020
DR0=0000000000000000 DR1=0000000000000000 DR2=0000000000000000 DR3=0000000000000000 
DR6=00000000ffff0ff0 DR7=0000000000000400
CCS=0000000000000044 CCD=0000000000000000 CCO=EFLAGS
EFER=0000000000000d00
Servicing hardware INT=0x20
   111: v=20 e=0000 i=0 cpl=0 IP=0008:000000800008efe4 pc=000000800008efe4 SP=0000:0000010000006e20 env->regs[R_EAX]=000000800005a8a8
RAX=000000800005a8a8 RBX=0000000000004f98 RCX=000000800005a8b0 RDX=000000800005a8a0
RSI=000000800005a8a0 RDI=0000010000006e98 RBP=0000000000000000 RSP=0000010000006e20
R8 =0000000000000002 R9 =0000000000000000 R10=0000000000000008 R11=0000010000007c48
R12=0000000000006288 R13=0000000000007608 R14=0000028000000000 R15=00000000000077d8
RIP=000000800008efe4 RFL=00000206 [-----P-] CPL=0 II=0 A20=1 SMM=0 HLT=0
ES =0010 0000000000000000 ffffffff 00cf9300 DPL=0 DS   [-WA]
CS =0008 0000000000000000 ffffffff 00af9b00 DPL=0 CS64 [-RA]
SS =0000 0000000000000000 ffffffff 00c09300 DPL=0 DS   [-WA]
DS =0010 0000000000000000 ffffffff 00cf9300 DPL=0 DS   [-WA]
FS =0000 0000000000000000 0000ffff 00009300 DPL=0 DS   [-WA]
GS =0000 0000000000000000 0000ffff 00009300 DPL=0 DS   [-WA]
LDT=0000 0000000000000000 0000ffff 00008200 DPL=0 LDT
TR =0010 00000080002b4e30 00000067 00008900 DPL=0 TSS64-avl
GDT=     00000080002b4ea0 0000001f
IDT=     00000080002b4f20 00000fff
CR0=80010011 CR2=0000000000000000 CR3=0000000001589000 CR4=00000020
DR0=0000000000000000 DR1=0000000000000000 DR2=0000000000000000 DR3=0000000000000000 
DR6=00000000ffff0ff0 DR7=0000000000000400
CCS=0000000000000004 CCD=0000010000006e18 CCO=EFLAGS
EFER=0000000000000d00
Servicing hardware INT=0x20
   112: v=20 e=0000 i=0 cpl=0 IP=0008:000000800009a0a7 pc=000000800009a0a7 SP=0000:0000010000006f20 env->regs[R_EAX]=0000000000000000
RAX=0000000000000000 RBX=0000000000004f98 RCX=00000080002afd00 RDX=0000000000000000
RSI=0000000000000000 RDI=00000080002afdb8 RBP=0000000000000000 RSP=0000010000006f20
R8 =0000000000000002 R9 =0000000000000000 R10=0000000000000008 R11=0000010000007c48
R12=0000000000006288 R13=0000000000007608 R14=0000028000000000 R15=00000000000077d8
RIP=000000800009a0a7 RFL=00000246 [---Z-P-] CPL=0 II=0 A20=1 SMM=0 HLT=0
ES =0010 0000000000000000 ffffffff 00cf9300 DPL=0 DS   [-WA]
CS =0008 0000000000000000 ffffffff 00af9b00 DPL=0 CS64 [-RA]
SS =0000 0000000000000000 ffffffff 00c09300 DPL=0 DS   [-WA]
DS =0010 0000000000000000 ffffffff 00cf9300 DPL=0 DS   [-WA]
FS =0000 0000000000000000 0000ffff 00009300 DPL=0 DS   [-WA]
GS =0000 0000000000000000 0000ffff 00009300 DPL=0 DS   [-WA]
LDT=0000 0000000000000000 0000ffff 00008200 DPL=0 LDT
TR =0010 00000080002b4e30 00000067 00008900 DPL=0 TSS64-avl
GDT=     00000080002b4ea0 0000001f
IDT=     00000080002b4f20 00000fff
CR0=80010011 CR2=0000000000000000 CR3=0000000001589000 CR4=00000020
DR0=0000000000000000 DR1=0000000000000000 DR2=0000000000000000 DR3=0000000000000000 
DR6=00000000ffff0ff0 DR7=0000000000000400
CCS=0000000000000044 CCD=0000000000000000 CCO=EFLAGS
EFER=0000000000000d00
Servicing hardware INT=0x20
   113: v=20 e=0000 i=0 cpl=0 IP=0008:00000080000e2bb0 pc=00000080000e2bb0 SP=0000:0000010000007510 env->regs[R_EAX]=00000080000e2bb0
RAX=00000080000e2bb0 RBX=0000000000004f98 RCX=000000800005fa5c RDX=0000444444455100
RSI=00000100000091a8 RDI=0000010000007598 RBP=0000000000000000 RSP=0000010000007510
R8 =0000000000000002 R9 =0000000000000000 R10=0000000000000008 R11=0000010000007c48
R12=0000000000006288 R13=0000000000007608 R14=0000028000000000 R15=00000000000077d8
RIP=00000080000e2bb0 RFL=00000212 [----A--] CPL=0 II=0 A20=1 SMM=0 HLT=0
ES =0010 0000000000000000 ffffffff 00cf9300 DPL=0 DS   [-WA]
CS =0008 0000000000000000 ffffffff 00af9b00 DPL=0 CS64 [-RA]
SS =0000 0000000000000000 ffffffff 00c09300 DPL=0 DS   [-WA]
DS =0010 0000000000000000 ffffffff 00cf9300 DPL=0 DS   [-WA]
FS =0000 0000000000000000 0000ffff 00009300 DPL=0 DS   [-WA]
GS =0000 0000000000000000 0000ffff 00009300 DPL=0 DS   [-WA]
LDT=0000 0000000000000000 0000ffff 00008200 DPL=0 LDT
TR =0010 00000080002b4e30 00000067 00008900 DPL=0 TSS64-avl
GDT=     00000080002b4ea0 0000001f
IDT=     00000080002b4f20 00000fff
CR0=80010011 CR2=0000000000000000 CR3=0000000001589000 CR4=00000020
DR0=0000000000000000 DR1=0000000000000000 DR2=0000000000000000 DR3=0000000000000000 
DR6=00000000ffff0ff0 DR7=0000000000000400
CCS=0000000000000010 CCD=00000080000e2bb0 CCO=EFLAGS
EFER=0000000000000d00
Servicing hardware INT=0x20
   114: v=20 e=0000 i=0 cpl=0 IP=0008:0000008000219550 pc=0000008000219550 SP=0000:00000100000071a8 env->regs[R_EAX]=0000008000219550
RAX=0000008000219550 RBX=0000000000004f98 RCX=000000800023a7d0 RDX=0000000000000010
RSI=0000000000000009 RDI=000000800005a898 RBP=0000000000000000 RSP=00000100000071a8
R8 =0000000000000002 R9 =0000000000000000 R10=0000000000000008 R11=0000010000007c48
R12=0000000000006288 R13=0000000000007608 R14=0000028000000000 R15=00000000000077d8
RIP=0000008000219550 RFL=00000202 [-------] CPL=0 II=0 A20=1 SMM=0 HLT=0
ES =0010 0000000000000000 ffffffff 00cf9300 DPL=0 DS   [-WA]
CS =0008 0000000000000000 ffffffff 00af9b00 DPL=0 CS64 [-RA]
SS =0000 0000000000000000 ffffffff 00c09300 DPL=0 DS   [-WA]
DS =0010 0000000000000000 ffffffff 00cf9300 DPL=0 DS   [-WA]
FS =0000 0000000000000000 0000ffff 00009300 DPL=0 DS   [-WA]
GS =0000 0000000000000000 0000ffff 00009300 DPL=0 DS   [-WA]
LDT=0000 0000000000000000 0000ffff 00008200 DPL=0 LDT
TR =0010 00000080002b4e30 00000067 00008900 DPL=0 TSS64-avl
GDT=     00000080002b4ea0 0000001f
IDT=     00000080002b4f20 00000fff
CR0=80010011 CR2=0000000000000000 CR3=0000000001589000 CR4=00000020
DR0=0000000000000000 DR1=0000000000000000 DR2=0000000000000000 DR3=0000000000000000 
DR6=00000000ffff0ff0 DR7=0000000000000400
CCS=0000000000000000 CCD=0000010000007198 CCO=EFLAGS
EFER=0000000000000d00
Servicing hardware INT=0x20
   115: v=20 e=0000 i=0 cpl=0 IP=0008:0000008000271e00 pc=0000008000271e00 SP=0000:0000010000006df8 env->regs[R_EAX]=0000008000271e00
RAX=0000008000271e00 RBX=0000000000004f98 RCX=0000000000000000 RDX=0000000000000001
RSI=0000000000000000 RDI=00000080002afdb8 RBP=0000000000000000 RSP=0000010000006df8
R8 =0000000000000002 R9 =0000000000000000 R10=0000000000000008 R11=0000010000007c48
R12=0000000000006288 R13=0000000000007608 R14=0000028000000000 R15=00000000000077d8
RIP=0000008000271e00 RFL=00000246 [---Z-P-] CPL=0 II=0 A20=1 SMM=0 HLT=0
ES =0010 0000000000000000 ffffffff 00cf9300 DPL=0 DS   [-WA]
CS =0008 0000000000000000 ffffffff 00af9b00 DPL=0 CS64 [-RA]
SS =0000 0000000000000000 ffffffff 00c09300 DPL=0 DS   [-WA]
DS =0010 0000000000000000 ffffffff 00cf9300 DPL=0 DS   [-WA]
FS =0000 0000000000000000 0000ffff 00009300 DPL=0 DS   [-WA]
GS =0000 0000000000000000 0000ffff 00009300 DPL=0 DS   [-WA]
LDT=0000 0000000000000000 0000ffff 00008200 DPL=0 LDT
TR =0010 00000080002b4e30 00000067 00008900 DPL=0 TSS64-avl
GDT=     00000080002b4ea0 0000001f
IDT=     00000080002b4f20 00000fff
CR0=80010011 CR2=0000000000000000 CR3=0000000001589000 CR4=00000020
DR0=0000000000000000 DR1=0000000000000000 DR2=0000000000000000 DR3=0000000000000000 
DR6=00000000ffff0ff0 DR7=0000000000000400
CCS=0000000000000044 CCD=0000000000000000 CCO=EFLAGS
EFER=0000000000000d00
Servicing hardware INT=0x20
   116: v=20 e=0000 i=0 cpl=0 IP=0008:00000080000cea80 pc=00000080000cea80 SP=0000:0000010000007498 env->regs[R_EAX]=0000444444455100
RAX=0000444444455100 RBX=0000000000004f98 RCX=000000800005fa5c RDX=0000000000000000
RSI=0000010000012c70 RDI=00000100000131e0 RBP=0000000000000000 RSP=0000010000007498
R8 =0000000000000002 R9 =0000000000000000 R10=0000000000000008 R11=0000010000007c48
R12=0000000000006288 R13=0000000000007608 R14=0000028000000000 R15=00000000000077d8
RIP=00000080000cea80 RFL=00000206 [-----P-] CPL=0 II=0 A20=1 SMM=0 HLT=0
ES =0010 0000000000000000 ffffffff 00cf9300 DPL=0 DS   [-WA]
CS =0008 0000000000000000 ffffffff 00af9b00 DPL=0 CS64 [-RA]
SS =0000 0000000000000000 ffffffff 00c09300 DPL=0 DS   [-WA]
DS =0010 0000000000000000 ffffffff 00cf9300 DPL=0 DS   [-WA]
FS =0000 0000000000000000 0000ffff 00009300 DPL=0 DS   [-WA]
GS =0000 0000000000000000 0000ffff 00009300 DPL=0 DS   [-WA]
LDT=0000 0000000000000000 0000ffff 00008200 DPL=0 LDT
TR =0010 00000080002b4e30 00000067 00008900 DPL=0 TSS64-avl
GDT=     00000080002b4ea0 0000001f
IDT=     00000080002b4f20 00000fff
CR0=80010011 CR2=0000000000000000 CR3=0000000001589000 CR4=00000020
DR0=0000000000000000 DR1=0000000000000000 DR2=0000000000000000 DR3=0000000000000000 
DR6=00000000ffff0ff0 DR7=0000000000000400
CCS=0000000000000004 CCD=00000100000074a0 CCO=EFLAGS
EFER=0000000000000d00
Servicing hardware INT=0x20
   117: v=20 e=0000 i=0 cpl=0 IP=0008:0000008000084910 pc=0000008000084910 SP=0000:0000010000007008 env->regs[R_EAX]=0000008000084910
RAX=0000008000084910 RBX=0000000000004f98 RCX=0000000000000020 RDX=0000000000000010
RSI=0000444444441900 RDI=00000080002afdb8 RBP=0000000000000000 RSP=0000010000007008
R8 =0000000000000000 R9 =0000000000000000 R10=0000000000000008 R11=0000010000007c48
R12=0000000000006288 R13=0000000000007608 R14=0000028000000000 R15=00000000000077d8
RIP=0000008000084910 RFL=00000202 [-------] CPL=0 II=0 A20=1 SMM=0 HLT=0
ES =0010 0000000000000000 ffffffff 00cf9300 DPL=0 DS   [-WA]
CS =0008 0000000000000000 ffffffff 00af9b00 DPL=0 CS64 [-RA]
SS =0000 0000000000000000 ffffffff 00c09300 DPL=0 DS   [-WA]
DS =0010 0000000000000000 ffffffff 00cf9300 DPL=0 DS   [-WA]
FS =0000 0000000000000000 0000ffff 00009300 DPL=0 DS   [-WA]
GS =0000 0000000000000000 0000ffff 00009300 DPL=0 DS   [-WA]
LDT=0000 0000000000000000 0000ffff 00008200 DPL=0 LDT
TR =0010 00000080002b4e30 00000067 00008900 DPL=0 TSS64-avl
GDT=     00000080002b4ea0 0000001f
IDT=     00000080002b4f20 00000fff
CR0=80010011 CR2=0000000000000000 CR3=0000000001589000 CR4=00000020
DR0=0000000000000000 DR1=0000000000000000 DR2=0000000000000000 DR3=0000000000000000 
DR6=00000000ffff0ff0 DR7=0000000000000400
CCS=0000000000000000 CCD=0000010000007010 CCO=EFLAGS
EFER=0000000000000d00
Servicing hardware INT=0x20
   118: v=20 e=0000 i=0 cpl=0 IP=0008:00000080000bd48f pc=00000080000bd48f SP=0000:0000010000006fe0 env->regs[R_EAX]=0000000000000010
RAX=0000000000000010 RBX=0000000000004f98 RCX=0000000000000010 RDX=0000000000000020
RSI=0000000000000001 RDI=0000000000000020 RBP=0000000000000000 RSP=0000010000006fe0
R8 =0000000000000002 R9 =0000000000000000 R10=0000000000000008 R11=0000010000007c48
R12=0000000000006288 R13=0000000000007608 R14=0000028000000000 R15=00000000000077d8
RIP=00000080000bd48f RFL=00000206 [-----P-] CPL=0 II=0 A20=1 SMM=0 HLT=0
ES =0010 0000000000000000 ffffffff 00cf9300 DPL=0 DS   [-WA]
CS =0008 0000000000000000 ffffffff 00af9b00 DPL=0 CS64 [-RA]
SS =0000 0000000000000000 ffffffff 00c09300 DPL=0 DS   [-WA]
DS =0010 0000000000000000 ffffffff 00cf9300 DPL=0 DS   [-WA]
FS =0000 0000000000000000 0000ffff 00009300 DPL=0 DS   [-WA]
GS =0000 0000000000000000 0000ffff 00009300 DPL=0 DS   [-WA]
LDT=0000 0000000000000000 0000ffff 00008200 DPL=0 LDT
TR =0010 00000080002b4e30 00000067 00008900 DPL=0 TSS64-avl
GDT=     00000080002b4ea0 0000001f
IDT=     00000080002b4f20 00000fff
CR0=80010011 CR2=0000000000000000 CR3=0000000001589000 CR4=00000020
DR0=0000000000000000 DR1=0000000000000000 DR2=0000000000000000 DR3=0000000000000000 
DR6=00000000ffff0ff0 DR7=0000000000000400
CCS=0000000000000004 CCD=0000010000006fd8 CCO=EFLAGS
EFER=0000000000000d00
Servicing hardware INT=0x20
   119: v=20 e=0000 i=0 cpl=0 IP=0008:0000008000084610 pc=0000008000084610 SP=0000:0000010000006e28 env->regs[R_EAX]=0000008000084610
RAX=0000008000084610 RBX=0000000000004f98 RCX=0000000000000000 RDX=0000444444441900
RSI=000000800005a8a8 RDI=0000010000006e88 RBP=0000000000000000 RSP=0000010000006e28
R8 =0000000000000002 R9 =0000000000000000 R10=0000000000000008 R11=0000010000007c48
R12=0000000000006288 R13=0000000000007608 R14=0000028000000000 R15=00000000000077d8
RIP=0000008000084610 RFL=00000202 [-------] CPL=0 II=0 A20=1 SMM=0 HLT=0
ES =0010 0000000000000000 ffffffff 00cf9300 DPL=0 DS   [-WA]
CS =0008 0000000000000000 ffffffff 00af9b00 DPL=0 CS64 [-RA]
SS =0000 0000000000000000 ffffffff 00c09300 DPL=0 DS   [-WA]
DS =0010 0000000000000000 ffffffff 00cf9300 DPL=0 DS   [-WA]
FS =0000 0000000000000000 0000ffff 00009300 DPL=0 DS   [-WA]
GS =0000 0000000000000000 0000ffff 00009300 DPL=0 DS   [-WA]
LDT=0000 0000000000000000 0000ffff 00008200 DPL=0 LDT
TR =0010 00000080002b4e30 00000067 00008900 DPL=0 TSS64-avl
GDT=     00000080002b4ea0 0000001f
IDT=     00000080002b4f20 00000fff
CR0=80010011 CR2=0000000000000000 CR3=0000000001589000 CR4=00000020
DR0=0000000000000000 DR1=0000000000000000 DR2=0000000000000000 DR3=0000000000000000 
DR6=00000000ffff0ff0 DR7=0000000000000400
CCS=0000000000000000 CCD=0000000000000001 CCO=EFLAGS
EFER=0000000000000d00
Servicing hardware INT=0x20
   120: v=20 e=0000 i=0 cpl=0 IP=0008:0000008000084500 pc=0000008000084500 SP=0000:0000010000006e18 env->regs[R_EAX]=0000008000084500
RAX=0000008000084500 RBX=0000000000004f98 RCX=0000000000000000 RDX=0000000000000020
RSI=0000000000000010 RDI=00000080002afdb8 RBP=0000000000000000 RSP=0000010000006e18
R8 =0000000000000002 R9 =0000000000000000 R10=0000000000000008 R11=0000010000007c48
R12=0000000000006288 R13=0000000000007608 R14=0000028000000000 R15=00000000000077d8
RIP=0000008000084500 RFL=00000206 [-----P-] CPL=0 II=0 A20=1 SMM=0 HLT=0
ES =0010 0000000000000000 ffffffff 00cf9300 DPL=0 DS   [-WA]
CS =0008 0000000000000000 ffffffff 00af9b00 DPL=0 CS64 [-RA]
SS =0000 0000000000000000 ffffffff 00c09300 DPL=0 DS   [-WA]
DS =0010 0000000000000000 ffffffff 00cf9300 DPL=0 DS   [-WA]
FS =0000 0000000000000000 0000ffff 00009300 DPL=0 DS   [-WA]
GS =0000 0000000000000000 0000ffff 00009300 DPL=0 DS   [-WA]
LDT=0000 0000000000000000 0000ffff 00008200 DPL=0 LDT
TR =0010 00000080002b4e30 00000067 00008900 DPL=0 TSS64-avl
GDT=     00000080002b4ea0 0000001f
IDT=     00000080002b4f20 00000fff
CR0=80010011 CR2=0000000000000000 CR3=0000000001589000 CR4=00000020
DR0=0000000000000000 DR1=0000000000000000 DR2=0000000000000000 DR3=0000000000000000 
DR6=00000000ffff0ff0 DR7=0000000000000400
CCS=0000000000000004 CCD=0000010000006e30 CCO=EFLAGS
EFER=0000000000000d00
Servicing hardware INT=0x20
   121: v=20 e=0000 i=0 cpl=0 IP=0008:000000800009a100 pc=000000800009a100 SP=0000:0000010000007068 env->regs[R_EAX]=0000008000088c01
RAX=0000008000088c01 RBX=0000000000004f98 RCX=0000000000000000 RDX=0000000000000001
RSI=0000000000000000 RDI=00000080002b4ef8 RBP=0000000000000000 RSP=0000010000007068
R8 =0000000000000002 R9 =0000000000000000 R10=0000000000000008 R11=0000010000007c48
R12=0000000000006288 R13=0000000000007608 R14=0000028000000000 R15=00000000000077d8
RIP=000000800009a100 RFL=00000246 [---Z-P-] CPL=0 II=0 A20=1 SMM=0 HLT=0
ES =0010 0000000000000000 ffffffff 00cf9300 DPL=0 DS   [-WA]
CS =0008 0000000000000000 ffffffff 00af9b00 DPL=0 CS64 [-RA]
SS =0000 0000000000000000 ffffffff 00c09300 DPL=0 DS   [-WA]
DS =0010 0000000000000000 ffffffff 00cf9300 DPL=0 DS   [-WA]
FS =0000 0000000000000000 0000ffff 00009300 DPL=0 DS   [-WA]
GS =0000 0000000000000000 0000ffff 00009300 DPL=0 DS   [-WA]
LDT=0000 0000000000000000 0000ffff 00008200 DPL=0 LDT
TR =0010 00000080002b4e30 00000067 00008900 DPL=0 TSS64-avl
GDT=     00000080002b4ea0 0000001f
IDT=     00000080002b4f20 00000fff
CR0=80010011 CR2=0000000000000000 CR3=0000000001589000 CR4=00000020
DR0=0000000000000000 DR1=0000000000000000 DR2=0000000000000000 DR3=0000000000000000 
DR6=00000000ffff0ff0 DR7=0000000000000400
CCS=0000000000000044 CCD=00000080002b4efc CCO=EFLAGS
EFER=0000000000000d00
Servicing hardware INT=0x20
   122: v=20 e=0000 i=0 cpl=0 IP=0008:000000800008efd6 pc=000000800008efd6 SP=0000:0000010000006e20 env->regs[R_EAX]=0000000000000002
RAX=0000000000000002 RBX=0000000000004f98 RCX=0000010000006e90 RDX=000000800005a8a0
RSI=000000800005a8a0 RDI=0000010000006e48 RBP=0000000000000000 RSP=0000010000006e20
R8 =0000000000000002 R9 =0000000000000000 R10=0000000000000008 R11=0000010000007c48
R12=0000000000006288 R13=0000000000007608 R14=0000028000000000 R15=00000000000077d8
RIP=000000800008efd6 RFL=00000202 [-------] CPL=0 II=0 A20=1 SMM=0 HLT=0
ES =0010 0000000000000000 ffffffff 00cf9300 DPL=0 DS   [-WA]
CS =0008 0000000000000000 ffffffff 00af9b00 DPL=0 CS64 [-RA]
SS =0000 0000000000000000 ffffffff 00c09300 DPL=0 DS   [-WA]
DS =0010 0000000000000000 ffffffff 00cf9300 DPL=0 DS   [-WA]
FS =0000 0000000000000000 0000ffff 00009300 DPL=0 DS   [-WA]
GS =0000 0000000000000000 0000ffff 00009300 DPL=0 DS   [-WA]
LDT=0000 0000000000000000 0000ffff 00008200 DPL=0 LDT
TR =0010 00000080002b4e30 00000067 00008900 DPL=0 TSS64-avl
GDT=     00000080002b4ea0 0000001f
IDT=     00000080002b4f20 00000fff
CR0=80010011 CR2=0000000000000000 CR3=0000000001589000 CR4=00000020
DR0=0000000000000000 DR1=0000000000000000 DR2=0000000000000000 DR3=0000000000000000 
DR6=00000000ffff0ff0 DR7=0000000000000400
CCS=0000000000000000 CCD=0000000000000002 CCO=EFLAGS
EFER=0000000000000d00
Servicing hardware INT=0x20
   123: v=20 e=0000 i=0 cpl=0 IP=0008:00000080000846de pc=00000080000846de SP=0000:0000010000006eb0 env->regs[R_EAX]=0000000000000001
RAX=0000000000000001 RBX=0000000000004f98 RCX=0000010000006e90 RDX=0000000000000002
RSI=000000800005a8a8 RDI=0000000000000001 RBP=0000000000000000 RSP=0000010000006eb0
R8 =0000000000000002 R9 =0000000000000000 R10=0000000000000008 R11=0000010000007c48
R12=0000000000006288 R13=0000000000007608 R14=0000028000000000 R15=00000000000077d8
RIP=00000080000846de RFL=00000202 [-------] CPL=0 II=0 A20=1 SMM=0 HLT=0
ES =0010 0000000000000000 ffffffff 00cf9300 DPL=0 DS   [-WA]
CS =0008 0000000000000000 ffffffff 00af9b00 DPL=0 CS64 [-RA]
SS =0000 0000000000000000 ffffffff 00c09300 DPL=0 DS   [-WA]
DS =0010 0000000000000000 ffffffff 00cf9300 DPL=0 DS   [-WA]
FS =0000 0000000000000000 0000ffff 00009300 DPL=0 DS   [-WA]
GS =0000 0000000000000000 0000ffff 00009300 DPL=0 DS   [-WA]
LDT=0000 0000000000000000 0000ffff 00008200 DPL=0 LDT
TR =0010 00000080002b4e30 00000067 00008900 DPL=0 TSS64-avl
GDT=     00000080002b4ea0 0000001f
IDT=     00000080002b4f20 00000fff
CR0=80010011 CR2=0000000000000000 CR3=0000000001589000 CR4=00000020
DR0=0000000000000000 DR1=0000000000000000 DR2=0000000000000000 DR3=0000000000000000 
DR6=00000000ffff0ff0 DR7=0000000000000400
CCS=0000000000000000 CCD=0000010000006ea8 CCO=EFLAGS
EFER=0000000000000d00
Servicing hardware INT=0x20
   124: v=20 e=0000 i=0 cpl=0 IP=0008:000000800009a0a7 pc=000000800009a0a7 SP=0000:0000010000006f20 env->regs[R_EAX]=0000000000000000
RAX=0000000000000000 RBX=0000000000004f98 RCX=00000080002afd00 RDX=0000000000000000
RSI=0000000000000000 RDI=00000080002afdb8 RBP=0000000000000000 RSP=0000010000006f20
R8 =0000000000000002 R9 =0000000000000000 R10=0000000000000008 R11=0000010000007c48
R12=0000000000006288 R13=0000000000007608 R14=0000028000000000 R15=00000000000077d8
RIP=000000800009a0a7 RFL=00000246 [---Z-P-] CPL=0 II=0 A20=1 SMM=0 HLT=0
ES =0010 0000000000000000 ffffffff 00cf9300 DPL=0 DS   [-WA]
CS =0008 0000000000000000 ffffffff 00af9b00 DPL=0 CS64 [-RA]
SS =0000 0000000000000000 ffffffff 00c09300 DPL=0 DS   [-WA]
DS =0010 0000000000000000 ffffffff 00cf9300 DPL=0 DS   [-WA]
FS =0000 0000000000000000 0000ffff 00009300 DPL=0 DS   [-WA]
GS =0000 0000000000000000 0000ffff 00009300 DPL=0 DS   [-WA]
LDT=0000 0000000000000000 0000ffff 00008200 DPL=0 LDT
TR =0010 00000080002b4e30 00000067 00008900 DPL=0 TSS64-avl
GDT=     00000080002b4ea0 0000001f
IDT=     00000080002b4f20 00000fff
CR0=80010011 CR2=0000000000000000 CR3=0000000001589000 CR4=00000020
DR0=0000000000000000 DR1=0000000000000000 DR2=0000000000000000 DR3=0000000000000000 
DR6=00000000ffff0ff0 DR7=0000000000000400
CCS=0000000000000044 CCD=0000000000000000 CCO=EFLAGS
EFER=0000000000000d00
Servicing hardware INT=0x20
   125: v=20 e=0000 i=0 cpl=0 IP=0008:00000080000dbb00 pc=00000080000dbb00 SP=0000:00000100000072b8 env->regs[R_EAX]=00000080000dbb00
RAX=00000080000dbb00 RBX=0000000000004f98 RCX=00000100000131e0 RDX=0000000000000001
RSI=0000010000007300 RDI=0000010000007380 RBP=0000000000000000 RSP=00000100000072b8
R8 =0000008000285dd8 R9 =0000000000000000 R10=0000000000000008 R11=0000010000007c48
R12=0000000000006288 R13=0000000000007608 R14=0000028000000000 R15=00000000000077d8
RIP=00000080000dbb00 RFL=00000206 [-----P-] CPL=0 II=0 A20=1 SMM=0 HLT=0
ES =0010 0000000000000000 ffffffff 00cf9300 DPL=0 DS   [-WA]
CS =0008 0000000000000000 ffffffff 00af9b00 DPL=0 CS64 [-RA]
SS =0000 0000000000000000 ffffffff 00c09300 DPL=0 DS   [-WA]
DS =0010 0000000000000000 ffffffff 00cf9300 DPL=0 DS   [-WA]
FS =0000 0000000000000000 0000ffff 00009300 DPL=0 DS   [-WA]
GS =0000 0000000000000000 0000ffff 00009300 DPL=0 DS   [-WA]
LDT=0000 0000000000000000 0000ffff 00008200 DPL=0 LDT
TR =0010 00000080002b4e30 00000067 00008900 DPL=0 TSS64-avl
GDT=     00000080002b4ea0 0000001f
IDT=     00000080002b4f20 00000fff
CR0=80010011 CR2=0000000000000000 CR3=0000000001589000 CR4=00000020
DR0=0000000000000000 DR1=0000000000000000 DR2=0000000000000000 DR3=0000000000000000 
DR6=00000000ffff0ff0 DR7=0000000000000400
CCS=0000000000000004 CCD=00000100000072b8 CCO=EFLAGS
EFER=0000000000000d00
Servicing hardware INT=0x20
   126: v=20 e=0000 i=0 cpl=0 IP=0008:00000080000f6137 pc=00000080000f6137 SP=0000:0000010000007340 env->regs[R_EAX]=0000000000000000
RAX=0000000000000000 RBX=0000000000004f98 RCX=0000000000000000 RDX=000044444444d150
RSI=000044444444d138 RDI=0000010000013228 RBP=0000000000000000 RSP=0000010000007340
R8 =0000008000285dd8 R9 =0000000000000000 R10=0000000000000008 R11=0000010000007c48
R12=0000000000006288 R13=0000000000007608 R14=0000028000000000 R15=00000000000077d8
RIP=00000080000f6137 RFL=00000206 [-----P-] CPL=0 II=0 A20=1 SMM=0 HLT=0
ES =0010 0000000000000000 ffffffff 00cf9300 DPL=0 DS   [-WA]
CS =0008 0000000000000000 ffffffff 00af9b00 DPL=0 CS64 [-RA]
SS =0000 0000000000000000 ffffffff 00c09300 DPL=0 DS   [-WA]
DS =0010 0000000000000000 ffffffff 00cf9300 DPL=0 DS   [-WA]
FS =0000 0000000000000000 0000ffff 00009300 DPL=0 DS   [-WA]
GS =0000 0000000000000000 0000ffff 00009300 DPL=0 DS   [-WA]
LDT=0000 0000000000000000 0000ffff 00008200 DPL=0 LDT
TR =0010 00000080002b4e30 00000067 00008900 DPL=0 TSS64-avl
GDT=     00000080002b4ea0 0000001f
IDT=     00000080002b4f20 00000fff
CR0=80010011 CR2=0000000000000000 CR3=0000000001589000 CR4=00000020
DR0=0000000000000000 DR1=0000000000000000 DR2=0000000000000000 DR3=0000000000000000 
DR6=00000000ffff0ff0 DR7=0000000000000400
CCS=0000000000000004 CCD=0000010000013228 CCO=EFLAGS
EFER=0000000000000d00
Servicing hardware INT=0x20
   127: v=20 e=0000 i=0 cpl=0 IP=0008:0000008000084940 pc=0000008000084940 SP=0000:0000010000006f90 env->regs[R_EAX]=0000000000000001
RAX=0000000000000001 RBX=0000000000004f98 RCX=0000010000006f70 RDX=0000000000000002
RSI=000000800005a8a8 RDI=0000000000000001 RBP=0000000000000000 RSP=0000010000006f90
R8 =0000000000000002 R9 =0000000000000000 R10=0000000000000008 R11=0000010000007c48
R12=0000000000006288 R13=0000000000007608 R14=0000028000000000 R15=00000000000077d8
RIP=0000008000084940 RFL=00000206 [-----P-] CPL=0 II=0 A20=1 SMM=0 HLT=0
ES =0010 0000000000000000 ffffffff 00cf9300 DPL=0 DS   [-WA]
CS =0008 0000000000000000 ffffffff 00af9b00 DPL=0 CS64 [-RA]
SS =0000 0000000000000000 ffffffff 00c09300 DPL=0 DS   [-WA]
DS =0010 0000000000000000 ffffffff 00cf9300 DPL=0 DS   [-WA]
FS =0000 0000000000000000 0000ffff 00009300 DPL=0 DS   [-WA]
GS =0000 0000000000000000 0000ffff 00009300 DPL=0 DS   [-WA]
LDT=0000 0000000000000000 0000ffff 00008200 DPL=0 LDT
TR =0010 00000080002b4e30 00000067 00008900 DPL=0 TSS64-avl
GDT=     00000080002b4ea0 0000001f
IDT=     00000080002b4f20 00000fff
CR0=80010011 CR2=0000000000000000 CR3=0000000001589000 CR4=00000020
DR0=0000000000000000 DR1=0000000000000000 DR2=0000000000000000 DR3=0000000000000000 
DR6=00000000ffff0ff0 DR7=0000000000000400
CCS=0000000000000004 CCD=0000010000006f88 CCO=EFLAGS
EFER=0000000000000d00
Servicing hardware INT=0x20
   128: v=20 e=0000 i=0 cpl=0 IP=0008:00000080000d1b34 pc=00000080000d1b34 SP=0000:00000100000073c0 env->regs[R_EAX]=0000000000000000
RAX=0000000000000000 RBX=0000000000004f98 RCX=0000000000000000 RDX=0000444444477700
RSI=0000000000000000 RDI=0000000000000001 RBP=0000000000000000 RSP=00000100000073c0
R8 =0000000000000002 R9 =0000000000000000 R10=0000000000000008 R11=0000010000007c48
R12=0000000000006288 R13=0000000000007608 R14=0000028000000000 R15=00000000000077d8
RIP=00000080000d1b34 RFL=00000246 [---Z-P-] CPL=0 II=0 A20=1 SMM=0 HLT=0
ES =0010 0000000000000000 ffffffff 00cf9300 DPL=0 DS   [-WA]
CS =0008 0000000000000000 ffffffff 00af9b00 DPL=0 CS64 [-RA]
SS =0000 0000000000000000 ffffffff 00c09300 DPL=0 DS   [-WA]
DS =0010 0000000000000000 ffffffff 00cf9300 DPL=0 DS   [-WA]
FS =0000 0000000000000000 0000ffff 00009300 DPL=0 DS   [-WA]
GS =0000 0000000000000000 0000ffff 00009300 DPL=0 DS   [-WA]
LDT=0000 0000000000000000 0000ffff 00008200 DPL=0 LDT
TR =0010 00000080002b4e30 00000067 00008900 DPL=0 TSS64-avl
GDT=     00000080002b4ea0 0000001f
IDT=     00000080002b4f20 00000fff
CR0=80010011 CR2=0000000000000000 CR3=0000000001589000 CR4=00000020
DR0=0000000000000000 DR1=0000000000000000 DR2=0000000000000000 DR3=0000000000000000 
DR6=00000000ffff0ff0 DR7=0000000000000400
CCS=0000000000000044 CCD=0000000000000000 CCO=EFLAGS
EFER=0000000000000d00
Servicing hardware INT=0x20
   129: v=20 e=0000 i=0 cpl=0 IP=0008:0000008000084500 pc=0000008000084500 SP=0000:0000010000006f78 env->regs[R_EAX]=0000008000084500
RAX=0000008000084500 RBX=0000000000004f98 RCX=0000000000000020 RDX=0000000000000010
RSI=0000444444449660 RDI=00000080002afdb8 RBP=0000000000000000 RSP=0000010000006f78
R8 =0000000000000000 R9 =0000000000000000 R10=0000000000000008 R11=0000010000007c48
R12=0000000000006288 R13=0000000000007608 R14=0000028000000000 R15=00000000000077d8
RIP=0000008000084500 RFL=00000206 [-----P-] CPL=0 II=0 A20=1 SMM=0 HLT=0
ES =0010 0000000000000000 ffffffff 00cf9300 DPL=0 DS   [-WA]
CS =0008 0000000000000000 ffffffff 00af9b00 DPL=0 CS64 [-RA]
SS =0000 0000000000000000 ffffffff 00c09300 DPL=0 DS   [-WA]
DS =0010 0000000000000000 ffffffff 00cf9300 DPL=0 DS   [-WA]
FS =0000 0000000000000000 0000ffff 00009300 DPL=0 DS   [-WA]
GS =0000 0000000000000000 0000ffff 00009300 DPL=0 DS   [-WA]
LDT=0000 0000000000000000 0000ffff 00008200 DPL=0 LDT
TR =0010 00000080002b4e30 00000067 00008900 DPL=0 TSS64-avl
GDT=     00000080002b4ea0 0000001f
IDT=     00000080002b4f20 00000fff
CR0=80010011 CR2=0000000000000000 CR3=0000000001589000 CR4=00000020
DR0=0000000000000000 DR1=0000000000000000 DR2=0000000000000000 DR3=0000000000000000 
DR6=00000000ffff0ff0 DR7=0000000000000400
CCS=0000000000000004 CCD=0000010000006f90 CCO=EFLAGS
EFER=0000000000000d00
Servicing hardware INT=0x20
   130: v=20 e=0000 i=0 cpl=0 IP=0008:00000080002802c0 pc=00000080002802c0 SP=0000:0000010000007058 env->regs[R_EAX]=0000008000281f00
RAX=0000008000281f00 RBX=0000000000004f98 RCX=0000444444441900 RDX=0000000000000020
RSI=0000444444441900 RDI=0000444444449660 RBP=0000000000000000 RSP=0000010000007058
R8 =0000000000000001 R9 =0000000000000000 R10=0000000000000008 R11=0000010000007c48
R12=0000000000006288 R13=0000000000007608 R14=0000028000000000 R15=00000000000077d8
RIP=00000080002802c0 RFL=00000202 [-------] CPL=0 II=0 A20=1 SMM=0 HLT=0
ES =0010 0000000000000000 ffffffff 00cf9300 DPL=0 DS   [-WA]
CS =0008 0000000000000000 ffffffff 00af9b00 DPL=0 CS64 [-RA]
SS =0000 0000000000000000 ffffffff 00c09300 DPL=0 DS   [-WA]
DS =0010 0000000000000000 ffffffff 00cf9300 DPL=0 DS   [-WA]
FS =0000 0000000000000000 0000ffff 00009300 DPL=0 DS   [-WA]
GS =0000 0000000000000000 0000ffff 00009300 DPL=0 DS   [-WA]
LDT=0000 0000000000000000 0000ffff 00008200 DPL=0 LDT
TR =0010 00000080002b4e30 00000067 00008900 DPL=0 TSS64-avl
GDT=     00000080002b4ea0 0000001f
IDT=     00000080002b4f20 00000fff
CR0=80010011 CR2=0000000000000000 CR3=0000000001589000 CR4=00000020
DR0=0000000000000000 DR1=0000000000000000 DR2=0000000000000000 DR3=0000000000000000 
DR6=00000000ffff0ff0 DR7=0000000000000400
CCS=0000000000000000 CCD=0000000000000020 CCO=EFLAGS
EFER=0000000000000d00
Servicing hardware INT=0x20
   131: v=20 e=0000 i=0 cpl=0 IP=0008:00000080000d8b4d pc=00000080000d8b4d SP=0000:0000010000007100 env->regs[R_EAX]=00000080000a9210
RAX=00000080000a9210 RBX=0000000000004f98 RCX=0000000000000000 RDX=00000100000070b8
RSI=0000000000000001 RDI=00000100000070b8 RBP=0000000000000000 RSP=0000010000007100
R8 =0000008000285dd8 R9 =0000000000000000 R10=0000000000000008 R11=0000010000007c48
R12=0000000000006288 R13=0000000000007608 R14=0000028000000000 R15=00000000000077d8
RIP=00000080000d8b4d RFL=00000202 [-------] CPL=0 II=0 A20=1 SMM=0 HLT=0
ES =0010 0000000000000000 ffffffff 00cf9300 DPL=0 DS   [-WA]
CS =0008 0000000000000000 ffffffff 00af9b00 DPL=0 CS64 [-RA]
SS =0000 0000000000000000 ffffffff 00c09300 DPL=0 DS   [-WA]
DS =0010 0000000000000000 ffffffff 00cf9300 DPL=0 DS   [-WA]
FS =0000 0000000000000000 0000ffff 00009300 DPL=0 DS   [-WA]
GS =0000 0000000000000000 0000ffff 00009300 DPL=0 DS   [-WA]
LDT=0000 0000000000000000 0000ffff 00008200 DPL=0 LDT
TR =0010 00000080002b4e30 00000067 00008900 DPL=0 TSS64-avl
GDT=     00000080002b4ea0 0000001f
IDT=     00000080002b4f20 00000fff
CR0=80010011 CR2=0000000000000000 CR3=0000000001589000 CR4=00000020
DR0=0000000000000000 DR1=0000000000000000 DR2=0000000000000000 DR3=0000000000000000 
DR6=00000000ffff0ff0 DR7=0000000000000400
CCS=0000000000000000 CCD=00000100000070f8 CCO=EFLAGS
EFER=0000000000000d00
Servicing hardware INT=0x20
   132: v=20 e=0000 i=0 cpl=0 IP=0008:0000008000087796 pc=0000008000087796 SP=0000:0000010000006e80 env->regs[R_EAX]=000000800005a898
RAX=000000800005a898 RBX=0000000000004f98 RCX=0000008000219550 RDX=000000800005a8e0
RSI=0000000000000009 RDI=000000800005a898 RBP=0000000000000000 RSP=0000010000006e80
R8 =0000000000000002 R9 =0000000000000000 R10=0000000000000008 R11=0000010000007c48
R12=0000000000006288 R13=0000000000007608 R14=0000028000000000 R15=00000000000077d8
RIP=0000008000087796 RFL=00000202 [-------] CPL=0 II=0 A20=1 SMM=0 HLT=0
ES =0010 0000000000000000 ffffffff 00cf9300 DPL=0 DS   [-WA]
CS =0008 0000000000000000 ffffffff 00af9b00 DPL=0 CS64 [-RA]
SS =0000 0000000000000000 ffffffff 00c09300 DPL=0 DS   [-WA]
DS =0010 0000000000000000 ffffffff 00cf9300 DPL=0 DS   [-WA]
FS =0000 0000000000000000 0000ffff 00009300 DPL=0 DS   [-WA]
GS =0000 0000000000000000 0000ffff 00009300 DPL=0 DS   [-WA]
LDT=0000 0000000000000000 0000ffff 00008200 DPL=0 LDT
TR =0010 00000080002b4e30 00000067 00008900 DPL=0 TSS64-avl
GDT=     00000080002b4ea0 0000001f
IDT=     00000080002b4f20 00000fff
CR0=80010011 CR2=0000000000000000 CR3=0000000001589000 CR4=00000020
DR0=0000000000000000 DR1=0000000000000000 DR2=0000000000000000 DR3=0000000000000000 
DR6=00000000ffff0ff0 DR7=0000000000000400
CCS=0000000000000000 CCD=0000010000006e68 CCO=EFLAGS
EFER=0000000000000d00
Servicing hardware INT=0x20
   133: v=20 e=0000 i=0 cpl=0 IP=0008:000000800008492c pc=000000800008492c SP=0000:0000010000006f90 env->regs[R_EAX]=00000080002afdb8
RAX=00000080002afdb8 RBX=0000000000004f98 RCX=0000008000093470 RDX=00000080002afdc0
RSI=0000000000000000 RDI=00000080002afdb8 RBP=0000000000000000 RSP=0000010000006f90
R8 =0000000000000002 R9 =0000000000000000 R10=0000000000000008 R11=0000010000007c48
R12=0000000000006288 R13=0000000000007608 R14=0000028000000000 R15=00000000000077d8
RIP=000000800008492c RFL=00000216 [----AP-] CPL=0 II=0 A20=1 SMM=0 HLT=0
ES =0010 0000000000000000 ffffffff 00cf9300 DPL=0 DS   [-WA]
CS =0008 0000000000000000 ffffffff 00af9b00 DPL=0 CS64 [-RA]
SS =0000 0000000000000000 ffffffff 00c09300 DPL=0 DS   [-WA]
DS =0010 0000000000000000 ffffffff 00cf9300 DPL=0 DS   [-WA]
FS =0000 0000000000000000 0000ffff 00009300 DPL=0 DS   [-WA]
GS =0000 0000000000000000 0000ffff 00009300 DPL=0 DS   [-WA]
LDT=0000 0000000000000000 0000ffff 00008200 DPL=0 LDT
TR =0010 00000080002b4e30 00000067 00008900 DPL=0 TSS64-avl
GDT=     00000080002b4ea0 0000001f
IDT=     00000080002b4f20 00000fff
CR0=80010011 CR2=0000000000000000 CR3=0000000001589000 CR4=00000020
DR0=0000000000000000 DR1=0000000000000000 DR2=0000000000000000 DR3=0000000000000000 
DR6=00000000ffff0ff0 DR7=0000000000000400
CCS=0000000000000014 CCD=00000080002afdc0 CCO=EFLAGS
EFER=0000000000000d00
Servicing hardware INT=0x20
   134: v=20 e=0000 i=0 cpl=0 IP=0008:0000008000084b79 pc=0000008000084b79 SP=0000:0000010000006f50 env->regs[R_EAX]=0000444444449660
RAX=0000444444449660 RBX=0000000000004f98 RCX=000000800007af00 RDX=0000000000000001
RSI=0000000000000000 RDI=00000080002afdb8 RBP=0000000000000000 RSP=0000010000006f50
R8 =0000000000000002 R9 =0000000000000000 R10=0000000000000008 R11=0000010000007c48
R12=0000000000006288 R13=0000000000007608 R14=0000028000000000 R15=00000000000077d8
RIP=0000008000084b79 RFL=00000206 [-----P-] CPL=0 II=0 A20=1 SMM=0 HLT=0
ES =0010 0000000000000000 ffffffff 00cf9300 DPL=0 DS   [-WA]
CS =0008 0000000000000000 ffffffff 00af9b00 DPL=0 CS64 [-RA]
SS =0000 0000000000000000 ffffffff 00c09300 DPL=0 DS   [-WA]
DS =0010 0000000000000000 ffffffff 00cf9300 DPL=0 DS   [-WA]
FS =0000 0000000000000000 0000ffff 00009300 DPL=0 DS   [-WA]
GS =0000 0000000000000000 0000ffff 00009300 DPL=0 DS   [-WA]
LDT=0000 0000000000000000 0000ffff 00008200 DPL=0 LDT
TR =0010 00000080002b4e30 00000067 00008900 DPL=0 TSS64-avl
GDT=     00000080002b4ea0 0000001f
IDT=     00000080002b4f20 00000fff
CR0=80010011 CR2=0000000000000000 CR3=0000000001589000 CR4=00000020
DR0=0000000000000000 DR1=0000000000000000 DR2=0000000000000000 DR3=0000000000000000 
DR6=00000000ffff0ff0 DR7=0000000000000400
CCS=0000000000000004 CCD=0000010000006f48 CCO=EFLAGS
EFER=0000000000000d00
Servicing hardware INT=0x20
   135: v=20 e=0000 i=0 cpl=0 IP=0008:000000800009fd5e pc=000000800009fd5e SP=0000:00000100000070b0 env->regs[R_EAX]=0000000000000000
RAX=0000000000000000 RBX=0000000000004f98 RCX=00000080002afd00 RDX=0000000000000001
RSI=0000000000000000 RDI=00000080002afdb8 RBP=0000000000000000 RSP=00000100000070b0
R8 =0000000000000002 R9 =0000000000000000 R10=0000000000000008 R11=0000010000007c48
R12=0000000000006288 R13=0000000000007608 R14=0000028000000000 R15=00000000000077d8
RIP=000000800009fd5e RFL=00000202 [-------] CPL=0 II=0 A20=1 SMM=0 HLT=0
ES =0010 0000000000000000 ffffffff 00cf9300 DPL=0 DS   [-WA]
CS =0008 0000000000000000 ffffffff 00af9b00 DPL=0 CS64 [-RA]
SS =0000 0000000000000000 ffffffff 00c09300 DPL=0 DS   [-WA]
DS =0010 0000000000000000 ffffffff 00cf9300 DPL=0 DS   [-WA]
FS =0000 0000000000000000 0000ffff 00009300 DPL=0 DS   [-WA]
GS =0000 0000000000000000 0000ffff 00009300 DPL=0 DS   [-WA]
LDT=0000 0000000000000000 0000ffff 00008200 DPL=0 LDT
TR =0010 00000080002b4e30 00000067 00008900 DPL=0 TSS64-avl
GDT=     00000080002b4ea0 0000001f
IDT=     00000080002b4f20 00000fff
CR0=80010011 CR2=0000000000000000 CR3=0000000001589000 CR4=00000020
DR0=0000000000000000 DR1=0000000000000000 DR2=0000000000000000 DR3=0000000000000000 
DR6=00000000ffff0ff0 DR7=0000000000000400
CCS=0000000000000000 CCD=0000000000000001 CCO=EFLAGS
EFER=0000000000000d00
Servicing hardware INT=0x20
   136: v=20 e=0000 i=0 cpl=0 IP=0008:00000080000f61db pc=00000080000f61db SP=0000:00000100000072a0 env->regs[R_EAX]=00000080000f61db
RAX=00000080000f61db RBX=0000000000004f98 RCX=00000080000604c8 RDX=00000080002876f0
RSI=00000100000072f0 RDI=00000100000131e0 RBP=0000000000000000 RSP=00000100000072a0
R8 =0000000000000002 R9 =0000000000000000 R10=0000000000000008 R11=0000010000007c48
R12=0000000000006288 R13=0000000000007608 R14=0000028000000000 R15=00000000000077d8
RIP=00000080000f61db RFL=00000206 [-----P-] CPL=0 II=0 A20=1 SMM=0 HLT=0
ES =0010 0000000000000000 ffffffff 00cf9300 DPL=0 DS   [-WA]
CS =0008 0000000000000000 ffffffff 00af9b00 DPL=0 CS64 [-RA]
SS =0000 0000000000000000 ffffffff 00c09300 DPL=0 DS   [-WA]
DS =0010 0000000000000000 ffffffff 00cf9300 DPL=0 DS   [-WA]
FS =0000 0000000000000000 0000ffff 00009300 DPL=0 DS   [-WA]
GS =0000 0000000000000000 0000ffff 00009300 DPL=0 DS   [-WA]
LDT=0000 0000000000000000 0000ffff 00008200 DPL=0 LDT
TR =0010 00000080002b4e30 00000067 00008900 DPL=0 TSS64-avl
GDT=     00000080002b4ea0 0000001f
IDT=     00000080002b4f20 00000fff
CR0=80010011 CR2=0000000000000000 CR3=0000000001589000 CR4=00000020
DR0=0000000000000000 DR1=0000000000000000 DR2=0000000000000000 DR3=0000000000000000 
DR6=00000000ffff0ff0 DR7=0000000000000400
CCS=0000000000000004 CCD=00000080000f61db CCO=EFLAGS
EFER=0000000000000d00
Servicing hardware INT=0x20
   137: v=20 e=0000 i=0 cpl=0 IP=0008:0000008000084b79 pc=0000008000084b79 SP=0000:0000010000006ed0 env->regs[R_EAX]=0000444444449660
RAX=0000444444449660 RBX=0000000000004f98 RCX=000000800007af00 RDX=0000000000000001
RSI=0000000000000000 RDI=00000080002afdb8 RBP=0000000000000000 RSP=0000010000006ed0
R8 =0000000000000002 R9 =0000000000000000 R10=0000000000000008 R11=0000010000007c48
R12=0000000000006288 R13=0000000000007608 R14=0000028000000000 R15=00000000000077d8
RIP=0000008000084b79 RFL=00000202 [-------] CPL=0 II=0 A20=1 SMM=0 HLT=0
ES =0010 0000000000000000 ffffffff 00cf9300 DPL=0 DS   [-WA]
CS =0008 0000000000000000 ffffffff 00af9b00 DPL=0 CS64 [-RA]
SS =0000 0000000000000000 ffffffff 00c09300 DPL=0 DS   [-WA]
DS =0010 0000000000000000 ffffffff 00cf9300 DPL=0 DS   [-WA]
FS =0000 0000000000000000 0000ffff 00009300 DPL=0 DS   [-WA]
GS =0000 0000000000000000 0000ffff 00009300 DPL=0 DS   [-WA]
LDT=0000 0000000000000000 0000ffff 00008200 DPL=0 LDT
TR =0010 00000080002b4e30 00000067 00008900 DPL=0 TSS64-avl
GDT=     00000080002b4ea0 0000001f
IDT=     00000080002b4f20 00000fff
CR0=80010011 CR2=0000000000000000 CR3=0000000001589000 CR4=00000020
DR0=0000000000000000 DR1=0000000000000000 DR2=0000000000000000 DR3=0000000000000000 
DR6=00000000ffff0ff0 DR7=0000000000000400
CCS=0000000000000000 CCD=0000010000006ec8 CCO=EFLAGS
EFER=0000000000000d00
Servicing hardware INT=0x21
   138: v=21 e=0000 i=0 cpl=0 IP=0008:00000080000e24d7 pc=00000080000e24d7 SP=0000:0000010000007510 env->regs[R_EAX]=0000010000007598
RAX=0000010000007598 RBX=0000000000004f98 RCX=0000000000000000 RDX=0000000000000000
RSI=0000000000000000 RDI=0000010000007598 RBP=0000000000000000 RSP=0000010000007510
R8 =0000000000000002 R9 =0000000000000000 R10=0000000000000008 R11=0000010000007c48
R12=0000000000006288 R13=0000000000007608 R14=0000028000000000 R15=00000000000077d8
RIP=00000080000e24d7 RFL=00000246 [---Z-P-] CPL=0 II=0 A20=1 SMM=0 HLT=0
ES =0010 0000000000000000 ffffffff 00cf9300 DPL=0 DS   [-WA]
CS =0008 0000000000000000 ffffffff 00af9b00 DPL=0 CS64 [-RA]
SS =0000 0000000000000000 ffffffff 00c09300 DPL=0 DS   [-WA]
DS =0010 0000000000000000 ffffffff 00cf9300 DPL=0 DS   [-WA]
FS =0000 0000000000000000 0000ffff 00009300 DPL=0 DS   [-WA]
GS =0000 0000000000000000 0000ffff 00009300 DPL=0 DS   [-WA]
LDT=0000 0000000000000000 0000ffff 00008200 DPL=0 LDT
TR =0010 00000080002b4e30 00000067 00008900 DPL=0 TSS64-avl
GDT=     00000080002b4ea0 0000001f
IDT=     00000080002b4f20 00000fff
CR0=80010011 CR2=0000000000000000 CR3=0000000001589000 CR4=00000020
DR0=0000000000000000 DR1=0000000000000000 DR2=0000000000000000 DR3=0000000000000000 
DR6=00000000ffff0ff0 DR7=0000000000000400
CCS=0000000000000000 CCD=0000000000000000 CCO=SUBQ
EFER=0000000000000d00
Servicing hardware INT=0x20
   139: v=20 e=0000 i=0 cpl=0 IP=0008:000000800008f991 pc=000000800008f991 SP=0000:00000100000070c0 env->regs[R_EAX]=00000100000072b8
RAX=00000100000072b8 RBX=0000000000004f98 RCX=00000100000072b8 RDX=0000000000000001
RSI=0000444444441920 RDI=0000444444449680 RBP=0000000000000000 RSP=00000100000070c0
R8 =0000000000000000 R9 =0000000000000000 R10=0000000000000008 R11=0000010000007c48
R12=0000000000006288 R13=0000000000007608 R14=0000028000000000 R15=00000000000077d8
RIP=000000800008f991 RFL=00000206 [-----P-] CPL=0 II=0 A20=1 SMM=0 HLT=0
ES =0010 0000000000000000 ffffffff 00cf9300 DPL=0 DS   [-WA]
CS =0008 0000000000000000 ffffffff 00af9b00 DPL=0 CS64 [-RA]
SS =0000 0000000000000000 ffffffff 00c09300 DPL=0 DS   [-WA]
DS =0010 0000000000000000 ffffffff 00cf9300 DPL=0 DS   [-WA]
FS =0000 0000000000000000 0000ffff 00009300 DPL=0 DS   [-WA]
GS =0000 0000000000000000 0000ffff 00009300 DPL=0 DS   [-WA]
LDT=0000 0000000000000000 0000ffff 00008200 DPL=0 LDT
TR =0010 00000080002b4e30 00000067 00008900 DPL=0 TSS64-avl
GDT=     00000080002b4ea0 0000001f
IDT=     00000080002b4f20 00000fff
CR0=80010011 CR2=0000000000000000 CR3=0000000001589000 CR4=00000020
DR0=0000000000000000 DR1=0000000000000000 DR2=0000000000000000 DR3=0000000000000000 
DR6=00000000ffff0ff0 DR7=0000000000000400
CCS=0000000000000004 CCD=00000100000070b8 CCO=EFLAGS
EFER=0000000000000d00
Servicing hardware INT=0x21
   140: v=21 e=0000 i=0 cpl=0 IP=0008:000000800009a00b pc=000000800009a00b SP=0000:0000010000006dc0 env->regs[R_EAX]=000000800009a00b
RAX=000000800009a00b RBX=0000000000004f98 RCX=000000800005c220 RDX=0000000000000001
RSI=0000000000000000 RDI=00000080002afdb8 RBP=0000000000000000 RSP=0000010000006dc0
R8 =0000000000000002 R9 =0000000000000000 R10=0000000000000008 R11=0000010000007c48
R12=0000000000006288 R13=0000000000007608 R14=0000028000000000 R15=00000000000077d8
RIP=000000800009a00b RFL=00000202 [-------] CPL=0 II=0 A20=1 SMM=0 HLT=0
ES =0010 0000000000000000 ffffffff 00cf9300 DPL=0 DS   [-WA]
CS =0008 0000000000000000 ffffffff 00af9b00 DPL=0 CS64 [-RA]
SS =0000 0000000000000000 ffffffff 00c09300 DPL=0 DS   [-WA]
DS =0010 0000000000000000 ffffffff 00cf9300 DPL=0 DS   [-WA]
FS =0000 0000000000000000 0000ffff 00009300 DPL=0 DS   [-WA]
GS =0000 0000000000000000 0000ffff 00009300 DPL=0 DS   [-WA]
LDT=0000 0000000000000000 0000ffff 00008200 DPL=0 LDT
TR =0010 00000080002b4e30 00000067 00008900 DPL=0 TSS64-avl
GDT=     00000080002b4ea0 0000001f
IDT=     00000080002b4f20 00000fff
CR0=80010011 CR2=0000000000000000 CR3=0000000001589000 CR4=00000020
DR0=0000000000000000 DR1=0000000000000000 DR2=0000000000000000 DR3=0000000000000000 
DR6=00000000ffff0ff0 DR7=0000000000000400
CCS=000000800005c220 CCD=000000800009a00b CCO=ADDQ
EFER=0000000000000d00
Servicing hardware INT=0x20
   141: v=20 e=0000 i=0 cpl=0 IP=0008:0000008000089bd2 pc=0000008000089bd2 SP=0000:00000100000070d0 env->regs[R_EAX]=0000444444449660
RAX=0000444444449660 RBX=0000000000004f98 RCX=0000000000000020 RDX=0000000000000001
RSI=0000000000000020 RDI=0000444444449660 RBP=0000000000000000 RSP=00000100000070d0
R8 =0000000000000002 R9 =0000000000000000 R10=0000000000000008 R11=0000010000007c48
R12=0000000000006288 R13=0000000000007608 R14=0000028000000000 R15=00000000000077d8
RIP=0000008000089bd2 RFL=00000202 [-------] CPL=0 II=0 A20=1 SMM=0 HLT=0
ES =0010 0000000000000000 ffffffff 00cf9300 DPL=0 DS   [-WA]
CS =0008 0000000000000000 ffffffff 00af9b00 DPL=0 CS64 [-RA]
SS =0000 0000000000000000 ffffffff 00c09300 DPL=0 DS   [-WA]
DS =0010 0000000000000000 ffffffff 00cf9300 DPL=0 DS   [-WA]
FS =0000 0000000000000000 0000ffff 00009300 DPL=0 DS   [-WA]
GS =0000 0000000000000000 0000ffff 00009300 DPL=0 DS   [-WA]
LDT=0000 0000000000000000 0000ffff 00008200 DPL=0 LDT
TR =0010 00000080002b4e30 00000067 00008900 DPL=0 TSS64-avl
GDT=     00000080002b4ea0 0000001f
IDT=     00000080002b4f20 00000fff
CR0=80010011 CR2=0000000000000000 CR3=0000000001589000 CR4=00000020
DR0=0000000000000000 DR1=0000000000000000 DR2=0000000000000000 DR3=0000000000000000 
DR6=00000000ffff0ff0 DR7=0000000000000400
CCS=0000000000000000 CCD=00000100000070c8 CCO=EFLAGS
EFER=0000000000000d00
Servicing hardware INT=0x20
   142: v=20 e=0000 i=0 cpl=0 IP=0008:00000080000a946b pc=00000080000a946b SP=0000:00000100000070c0 env->regs[R_EAX]=00000080000a9610
RAX=00000080000a9610 RBX=0000000000004f98 RCX=000000800007af00 RDX=0000000000000001
RSI=0000000000000000 RDI=00000080002afdb8 RBP=0000000000000000 RSP=00000100000070c0
R8 =0000000000000002 R9 =0000000000000000 R10=0000000000000008 R11=0000010000007c48
R12=0000000000006288 R13=0000000000007608 R14=0000028000000000 R15=00000000000077d8
RIP=00000080000a946b RFL=00000202 [-------] CPL=0 II=0 A20=1 SMM=0 HLT=0
ES =0010 0000000000000000 ffffffff 00cf9300 DPL=0 DS   [-WA]
CS =0008 0000000000000000 ffffffff 00af9b00 DPL=0 CS64 [-RA]
SS =0000 0000000000000000 ffffffff 00c09300 DPL=0 DS   [-WA]
DS =0010 0000000000000000 ffffffff 00cf9300 DPL=0 DS   [-WA]
FS =0000 0000000000000000 0000ffff 00009300 DPL=0 DS   [-WA]
GS =0000 0000000000000000 0000ffff 00009300 DPL=0 DS   [-WA]
LDT=0000 0000000000000000 0000ffff 00008200 DPL=0 LDT
TR =0010 00000080002b4e30 00000067 00008900 DPL=0 TSS64-avl
GDT=     00000080002b4ea0 0000001f
IDT=     00000080002b4f20 00000fff
CR0=80010011 CR2=0000000000000000 CR3=0000000001589000 CR4=00000020
DR0=0000000000000000 DR1=0000000000000000 DR2=0000000000000000 DR3=0000000000000000 
DR6=00000000ffff0ff0 DR7=0000000000000400
CCS=0000000000000000 CCD=00000100000070a8 CCO=EFLAGS
EFER=0000000000000d00
Servicing hardware INT=0x20
   143: v=20 e=0000 i=0 cpl=0 IP=0008:000000800023a7d0 pc=000000800023a7d0 SP=0000:0000010000006df8 env->regs[R_EAX]=000000800023a7d0
RAX=000000800023a7d0 RBX=0000000000004f98 RCX=0000000000000010 RDX=00000080002afdc0
RSI=0000000000000010 RDI=0000000000000020 RBP=0000000000000000 RSP=0000010000006df8
R8 =0000000000000002 R9 =0000000000000000 R10=0000000000000008 R11=0000010000007c48
R12=0000000000006288 R13=0000000000007608 R14=0000028000000000 R15=00000000000077d8
RIP=000000800023a7d0 RFL=00000206 [-----P-] CPL=0 II=0 A20=1 SMM=0 HLT=0
ES =0010 0000000000000000 ffffffff 00cf9300 DPL=0 DS   [-WA]
CS =0008 0000000000000000 ffffffff 00af9b00 DPL=0 CS64 [-RA]
SS =0000 0000000000000000 ffffffff 00c09300 DPL=0 DS   [-WA]
DS =0010 0000000000000000 ffffffff 00cf9300 DPL=0 DS   [-WA]
FS =0000 0000000000000000 0000ffff 00009300 DPL=0 DS   [-WA]
GS =0000 0000000000000000 0000ffff 00009300 DPL=0 DS   [-WA]
LDT=0000 0000000000000000 0000ffff 00008200 DPL=0 LDT
TR =0010 00000080002b4e30 00000067 00008900 DPL=0 TSS64-avl
GDT=     00000080002b4ea0 0000001f
IDT=     00000080002b4f20 00000fff
CR0=80010011 CR2=0000000000000000 CR3=0000000001589000 CR4=00000020
DR0=0000000000000000 DR1=0000000000000000 DR2=0000000000000000 DR3=0000000000000000 
DR6=00000000ffff0ff0 DR7=0000000000000400
CCS=0000000000000004 CCD=0000010000006e00 CCO=EFLAGS
EFER=0000000000000d00
Servicing hardware INT=0x20
   144: v=20 e=0000 i=0 cpl=0 IP=0008:0000008000087750 pc=0000008000087750 SP=0000:0000010000006ea8 env->regs[R_EAX]=00000080002afdb8
RAX=00000080002afdb8 RBX=0000000000004f98 RCX=0000008000093470 RDX=00000080002afdc0
RSI=0000000000000000 RDI=0000010000006ef0 RBP=0000000000000000 RSP=0000010000006ea8
R8 =0000000000000002 R9 =0000000000000000 R10=0000000000000008 R11=0000010000007c48
R12=0000000000006288 R13=0000000000007608 R14=0000028000000000 R15=00000000000077d8
RIP=0000008000087750 RFL=00000216 [----AP-] CPL=0 II=0 A20=1 SMM=0 HLT=0
ES =0010 0000000000000000 ffffffff 00cf9300 DPL=0 DS   [-WA]
CS =0008 0000000000000000 ffffffff 00af9b00 DPL=0 CS64 [-RA]
SS =0000 0000000000000000 ffffffff 00c09300 DPL=0 DS   [-WA]
DS =0010 0000000000000000 ffffffff 00cf9300 DPL=0 DS   [-WA]
FS =0000 0000000000000000 0000ffff 00009300 DPL=0 DS   [-WA]
GS =0000 0000000000000000 0000ffff 00009300 DPL=0 DS   [-WA]
LDT=0000 0000000000000000 0000ffff 00008200 DPL=0 LDT
TR =0010 00000080002b4e30 00000067 00008900 DPL=0 TSS64-avl
GDT=     00000080002b4ea0 0000001f
IDT=     00000080002b4f20 00000fff
CR0=80010011 CR2=0000000000000000 CR3=0000000001589000 CR4=00000020
DR0=0000000000000000 DR1=0000000000000000 DR2=0000000000000000 DR3=0000000000000000 
DR6=00000000ffff0ff0 DR7=0000000000000400
CCS=0000000000000014 CCD=00000080002afdc0 CCO=EFLAGS
EFER=0000000000000d00
Servicing hardware INT=0x20
   145: v=20 e=0000 i=0 cpl=0 IP=0008:00000080000dfea1 pc=00000080000dfea1 SP=0000:00000100000071c0 env->regs[R_EAX]=0000010000007200
RAX=0000010000007200 RBX=0000000000004f98 RCX=0000010000007200 RDX=0000000000000000
RSI=0000000000000001 RDI=0000000000000001 RBP=0000000000000000 RSP=00000100000071c0
R8 =0000008000285dd8 R9 =0000000000000000 R10=0000000000000008 R11=0000010000007c48
R12=0000000000006288 R13=0000000000007608 R14=0000028000000000 R15=00000000000077d8
RIP=00000080000dfea1 RFL=00000206 [-----P-] CPL=0 II=0 A20=1 SMM=0 HLT=0
ES =0010 0000000000000000 ffffffff 00cf9300 DPL=0 DS   [-WA]
CS =0008 0000000000000000 ffffffff 00af9b00 DPL=0 CS64 [-RA]
SS =0000 0000000000000000 ffffffff 00c09300 DPL=0 DS   [-WA]
DS =0010 0000000000000000 ffffffff 00cf9300 DPL=0 DS   [-WA]
FS =0000 0000000000000000 0000ffff 00009300 DPL=0 DS   [-WA]
GS =0000 0000000000000000 0000ffff 00009300 DPL=0 DS   [-WA]
LDT=0000 0000000000000000 0000ffff 00008200 DPL=0 LDT
TR =0010 00000080002b4e30 00000067 00008900 DPL=0 TSS64-avl
GDT=     00000080002b4ea0 0000001f
IDT=     00000080002b4f20 00000fff
CR0=80010011 CR2=0000000000000000 CR3=0000000001589000 CR4=00000020
DR0=0000000000000000 DR1=0000000000000000 DR2=0000000000000000 DR3=0000000000000000 
DR6=00000000ffff0ff0 DR7=0000000000000400
CCS=0000000000000004 CCD=00000100000071b8 CCO=EFLAGS
EFER=0000000000000d00
Servicing hardware INT=0x20
   146: v=20 e=0000 i=0 cpl=0 IP=0008:000000800008c1ea pc=000000800008c1ea SP=0000:0000010000007080 env->regs[R_EAX]=00000100000072d0
RAX=00000100000072d0 RBX=0000000000004f98 RCX=00000100000072d0 RDX=0000000000000001
RSI=0000444444441900 RDI=0000000000000001 RBP=0000000000000000 RSP=0000010000007080
R8 =0000000000000002 R9 =0000000000000000 R10=0000000000000008 R11=0000010000007c48
R12=0000000000006288 R13=0000000000007608 R14=0000028000000000 R15=00000000000077d8
RIP=000000800008c1ea RFL=00000202 [-------] CPL=0 II=0 A20=1 SMM=0 HLT=0
ES =0010 0000000000000000 ffffffff 00cf9300 DPL=0 DS   [-WA]
CS =0008 0000000000000000 ffffffff 00af9b00 DPL=0 CS64 [-RA]
SS =0000 0000000000000000 ffffffff 00c09300 DPL=0 DS   [-WA]
DS =0010 0000000000000000 ffffffff 00cf9300 DPL=0 DS   [-WA]
FS =0000 0000000000000000 0000ffff 00009300 DPL=0 DS   [-WA]
GS =0000 0000000000000000 0000ffff 00009300 DPL=0 DS   [-WA]
LDT=0000 0000000000000000 0000ffff 00008200 DPL=0 LDT
TR =0010 00000080002b4e30 00000067 00008900 DPL=0 TSS64-avl
GDT=     00000080002b4ea0 0000001f
IDT=     00000080002b4f20 00000fff
CR0=80010011 CR2=0000000000000000 CR3=0000000001589000 CR4=00000020
DR0=0000000000000000 DR1=0000000000000000 DR2=0000000000000000 DR3=0000000000000000 
DR6=00000000ffff0ff0 DR7=0000000000000400
CCS=0000000000000000 CCD=0000010000007068 CCO=EFLAGS
EFER=0000000000000d00
Servicing hardware INT=0x20
   147: v=20 e=0000 i=0 cpl=0 IP=0008:0000008000089ab0 pc=0000008000089ab0 SP=0000:00000100000072e8 env->regs[R_EAX]=0000008000089ab0
RAX=0000008000089ab0 RBX=0000000000004f98 RCX=0000000000000000 RDX=0000010000013b58
RSI=0000000000000001 RDI=0000010000007440 RBP=0000000000000000 RSP=00000100000072e8
R8 =0000000000000010 R9 =0000000000000000 R10=0000000000000008 R11=0000010000007c48
R12=0000000000006288 R13=0000000000007608 R14=0000028000000000 R15=00000000000077d8
RIP=0000008000089ab0 RFL=00000206 [-----P-] CPL=0 II=0 A20=1 SMM=0 HLT=0
ES =0010 0000000000000000 ffffffff 00cf9300 DPL=0 DS   [-WA]
CS =0008 0000000000000000 ffffffff 00af9b00 DPL=0 CS64 [-RA]
SS =0000 0000000000000000 ffffffff 00c09300 DPL=0 DS   [-WA]
DS =0010 0000000000000000 ffffffff 00cf9300 DPL=0 DS   [-WA]
FS =0000 0000000000000000 0000ffff 00009300 DPL=0 DS   [-WA]
GS =0000 0000000000000000 0000ffff 00009300 DPL=0 DS   [-WA]
LDT=0000 0000000000000000 0000ffff 00008200 DPL=0 LDT
TR =0010 00000080002b4e30 00000067 00008900 DPL=0 TSS64-avl
GDT=     00000080002b4ea0 0000001f
IDT=     00000080002b4f20 00000fff
CR0=80010011 CR2=0000000000000000 CR3=0000000001589000 CR4=00000020
DR0=0000000000000000 DR1=0000000000000000 DR2=0000000000000000 DR3=0000000000000000 
DR6=00000000ffff0ff0 DR7=0000000000000400
CCS=0000000000000004 CCD=00000100000072f0 CCO=EFLAGS
EFER=0000000000000d00
Servicing hardware INT=0x20
   148: v=20 e=0000 i=0 cpl=0 IP=0008:00000080000e0dd0 pc=00000080000e0dd0 SP=0000:0000010000006ed8 env->regs[R_EAX]=0000000000000000
RAX=0000000000000000 RBX=0000000000004f98 RCX=0000000000000000 RDX=0000000000000020
RSI=0000000000000001 RDI=00000080002afda1 RBP=0000000000000000 RSP=0000010000006ed8
R8 =0000000000000002 R9 =0000000000000000 R10=0000000000000008 R11=0000010000007c48
R12=0000000000006288 R13=0000000000007608 R14=0000028000000000 R15=00000000000077d8
RIP=00000080000e0dd0 RFL=00000202 [-------] CPL=0 II=0 A20=1 SMM=0 HLT=0
ES =0010 0000000000000000 ffffffff 00cf9300 DPL=0 DS   [-WA]
CS =0008 0000000000000000 ffffffff 00af9b00 DPL=0 CS64 [-RA]
SS =0000 0000000000000000 ffffffff 00c09300 DPL=0 DS   [-WA]
DS =0010 0000000000000000 ffffffff 00cf9300 DPL=0 DS   [-WA]
FS =0000 0000000000000000 0000ffff 00009300 DPL=0 DS   [-WA]
GS =0000 0000000000000000 0000ffff 00009300 DPL=0 DS   [-WA]
LDT=0000 0000000000000000 0000ffff 00008200 DPL=0 LDT
TR =0010 00000080002b4e30 00000067 00008900 DPL=0 TSS64-avl
GDT=     00000080002b4ea0 0000001f
IDT=     00000080002b4f20 00000fff
CR0=80010011 CR2=0000000000000000 CR3=0000000001589000 CR4=00000020
DR0=0000000000000000 DR1=0000000000000000 DR2=0000000000000000 DR3=0000000000000000 
DR6=00000000ffff0ff0 DR7=0000000000000400
CCS=0000000000000000 CCD=0000010000006ee0 CCO=EFLAGS
EFER=0000000000000d00
Servicing hardware INT=0x20
   149: v=20 e=0000 i=0 cpl=0 IP=0008:00000080001edbd6 pc=00000080001edbd6 SP=0000:0000010000006d70 env->regs[R_EAX]=000000800005a898
RAX=000000800005a898 RBX=0000000000004f98 RCX=000000800005a8e0 RDX=000000800005a8e0
RSI=000000800005a898 RDI=0000010000006e18 RBP=0000000000000000 RSP=0000010000006d70
R8 =0000000000000002 R9 =0000000000000000 R10=0000000000000008 R11=0000010000007c48
R12=0000000000006288 R13=0000000000007608 R14=0000028000000000 R15=00000000000077d8
RIP=00000080001edbd6 RFL=00000246 [---Z-P-] CPL=0 II=0 A20=1 SMM=0 HLT=0
ES =0010 0000000000000000 ffffffff 00cf9300 DPL=0 DS   [-WA]
CS =0008 0000000000000000 ffffffff 00af9b00 DPL=0 CS64 [-RA]
SS =0000 0000000000000000 ffffffff 00c09300 DPL=0 DS   [-WA]
DS =0010 0000000000000000 ffffffff 00cf9300 DPL=0 DS   [-WA]
FS =0000 0000000000000000 0000ffff 00009300 DPL=0 DS   [-WA]
GS =0000 0000000000000000 0000ffff 00009300 DPL=0 DS   [-WA]
LDT=0000 0000000000000000 0000ffff 00008200 DPL=0 LDT
TR =0010 00000080002b4e30 00000067 00008900 DPL=0 TSS64-avl
GDT=     00000080002b4ea0 0000001f
IDT=     00000080002b4f20 00000fff
CR0=80010011 CR2=0000000000000000 CR3=0000000001589000 CR4=00000020
DR0=0000000000000000 DR1=0000000000000000 DR2=0000000000000000 DR3=0000000000000000 
DR6=00000000ffff0ff0 DR7=0000000000000400
CCS=0000000000000044 CCD=0000000000000000 CCO=EFLAGS
EFER=0000000000000d00
Servicing hardware INT=0x20
   150: v=20 e=0000 i=0 cpl=0 IP=0008:0000008000093470 pc=0000008000093470 SP=0000:0000010000006f88 env->regs[R_EAX]=0000008000093470
RAX=0000008000093470 RBX=0000000000004f98 RCX=0000000000000020 RDX=0000000000000010
RSI=0000444444449660 RDI=00000080002afdb8 RBP=0000000000000000 RSP=0000010000006f88
R8 =0000000000000000 R9 =0000000000000000 R10=0000000000000008 R11=0000010000007c48
R12=0000000000006288 R13=0000000000007608 R14=0000028000000000 R15=00000000000077d8
RIP=0000008000093470 RFL=00000206 [-----P-] CPL=0 II=0 A20=1 SMM=0 HLT=0
ES =0010 0000000000000000 ffffffff 00cf9300 DPL=0 DS   [-WA]
CS =0008 0000000000000000 ffffffff 00af9b00 DPL=0 CS64 [-RA]
SS =0000 0000000000000000 ffffffff 00c09300 DPL=0 DS   [-WA]
DS =0010 0000000000000000 ffffffff 00cf9300 DPL=0 DS   [-WA]
FS =0000 0000000000000000 0000ffff 00009300 DPL=0 DS   [-WA]
GS =0000 0000000000000000 0000ffff 00009300 DPL=0 DS   [-WA]
LDT=0000 0000000000000000 0000ffff 00008200 DPL=0 LDT
TR =0010 00000080002b4e30 00000067 00008900 DPL=0 TSS64-avl
GDT=     00000080002b4ea0 0000001f
IDT=     00000080002b4f20 00000fff
CR0=80010011 CR2=0000000000000000 CR3=0000000001589000 CR4=00000020
DR0=0000000000000000 DR1=0000000000000000 DR2=0000000000000000 DR3=0000000000000000 
DR6=00000000ffff0ff0 DR7=0000000000000400
CCS=0000000000000004 CCD=0000010000006f90 CCO=EFLAGS
EFER=0000000000000d00
Servicing hardware INT=0x20
   151: v=20 e=0000 i=0 cpl=0 IP=0008:000000800008fe30 pc=000000800008fe30 SP=0000:0000010000006ef8 env->regs[R_EAX]=000000800005a898
RAX=000000800005a898 RBX=0000000000004f98 RCX=000000800005a8e0 RDX=000000800005a8e0
RSI=000000800005a898 RDI=000000800005a8e0 RBP=0000000000000000 RSP=0000010000006ef8
R8 =0000000000000002 R9 =0000000000000000 R10=0000000000000008 R11=0000010000007c48
R12=0000000000006288 R13=0000000000007608 R14=0000028000000000 R15=00000000000077d8
RIP=000000800008fe30 RFL=00000206 [-----P-] CPL=0 II=0 A20=1 SMM=0 HLT=0
ES =0010 0000000000000000 ffffffff 00cf9300 DPL=0 DS   [-WA]
CS =0008 0000000000000000 ffffffff 00af9b00 DPL=0 CS64 [-RA]
SS =0000 0000000000000000 ffffffff 00c09300 DPL=0 DS   [-WA]
DS =0010 0000000000000000 ffffffff 00cf9300 DPL=0 DS   [-WA]
FS =0000 0000000000000000 0000ffff 00009300 DPL=0 DS   [-WA]
GS =0000 0000000000000000 0000ffff 00009300 DPL=0 DS   [-WA]
LDT=0000 0000000000000000 0000ffff 00008200 DPL=0 LDT
TR =0010 00000080002b4e30 00000067 00008900 DPL=0 TSS64-avl
GDT=     00000080002b4ea0 0000001f
IDT=     00000080002b4f20 00000fff
CR0=80010011 CR2=0000000000000000 CR3=0000000001589000 CR4=00000020
DR0=0000000000000000 DR1=0000000000000000 DR2=0000000000000000 DR3=0000000000000000 
DR6=00000000ffff0ff0 DR7=0000000000000400
CCS=0000000000000004 CCD=0000010000006f00 CCO=EFLAGS
EFER=0000000000000d00
Servicing hardware INT=0x20
   152: v=20 e=0000 i=0 cpl=0 IP=0008:00000080000e94cf pc=00000080000e94cf SP=0000:0000010000007510 env->regs[R_EAX]=0000010000007598
RAX=0000010000007598 RBX=0000000000004f98 RCX=0000000000000000 RDX=0000000000000001
RSI=0000010000007380 RDI=0000010000007598 RBP=0000000000000000 RSP=0000010000007510
R8 =0000000000000002 R9 =0000000000000000 R10=0000000000000008 R11=0000010000007c48
R12=0000000000006288 R13=0000000000007608 R14=0000028000000000 R15=00000000000077d8
RIP=00000080000e94cf RFL=00000246 [---Z-P-] CPL=0 II=0 A20=1 SMM=0 HLT=0
ES =0010 0000000000000000 ffffffff 00cf9300 DPL=0 DS   [-WA]
CS =0008 0000000000000000 ffffffff 00af9b00 DPL=0 CS64 [-RA]
SS =0000 0000000000000000 ffffffff 00c09300 DPL=0 DS   [-WA]
DS =0010 0000000000000000 ffffffff 00cf9300 DPL=0 DS   [-WA]
FS =0000 0000000000000000 0000ffff 00009300 DPL=0 DS   [-WA]
GS =0000 0000000000000000 0000ffff 00009300 DPL=0 DS   [-WA]
LDT=0000 0000000000000000 0000ffff 00008200 DPL=0 LDT
TR =0010 00000080002b4e30 00000067 00008900 DPL=0 TSS64-avl
GDT=     00000080002b4ea0 0000001f
IDT=     00000080002b4f20 00000fff
CR0=80010011 CR2=0000000000000000 CR3=0000000001589000 CR4=00000020
DR0=0000000000000000 DR1=0000000000000000 DR2=0000000000000000 DR3=0000000000000000 
DR6=00000000ffff0ff0 DR7=0000000000000400
CCS=0000000000000044 CCD=0000000000000000 CCO=EFLAGS
EFER=0000000000000d00
Servicing hardware INT=0x20
   153: v=20 e=0000 i=0 cpl=0 IP=0008:00000080000bf504 pc=00000080000bf504 SP=0000:0000010000006f90 env->regs[R_EAX]=0000000000000001
RAX=0000000000000001 RBX=0000000000004f98 RCX=03ffffffffffffff RDX=0000000000000000
RSI=0000000000000001 RDI=0000000000000020 RBP=0000000000000000 RSP=0000010000006f90
R8 =0000000000000002 R9 =0000000000000000 R10=0000000000000008 R11=0000010000007c48
R12=0000000000006288 R13=0000000000007608 R14=0000028000000000 R15=00000000000077d8
RIP=00000080000bf504 RFL=00000202 [-------] CPL=0 II=0 A20=1 SMM=0 HLT=0
ES =0010 0000000000000000 ffffffff 00cf9300 DPL=0 DS   [-WA]
CS =0008 0000000000000000 ffffffff 00af9b00 DPL=0 CS64 [-RA]
SS =0000 0000000000000000 ffffffff 00c09300 DPL=0 DS   [-WA]
DS =0010 0000000000000000 ffffffff 00cf9300 DPL=0 DS   [-WA]
FS =0000 0000000000000000 0000ffff 00009300 DPL=0 DS   [-WA]
GS =0000 0000000000000000 0000ffff 00009300 DPL=0 DS   [-WA]
LDT=0000 0000000000000000 0000ffff 00008200 DPL=0 LDT
TR =0010 00000080002b4e30 00000067 00008900 DPL=0 TSS64-avl
GDT=     00000080002b4ea0 0000001f
IDT=     00000080002b4f20 00000fff
CR0=80010011 CR2=0000000000000000 CR3=0000000001589000 CR4=00000020
DR0=0000000000000000 DR1=0000000000000000 DR2=0000000000000000 DR3=0000000000000000 
DR6=00000000ffff0ff0 DR7=0000000000000400
CCS=0000000000000000 CCD=fc00000000000002 CCO=EFLAGS
EFER=0000000000000d00
Servicing hardware INT=0x20
   154: v=20 e=0000 i=0 cpl=0 IP=0008:00000080000e9ad2 pc=00000080000e9ad2 SP=0000:0000010000007320 env->regs[R_EAX]=0000010000007380
RAX=0000010000007380 RBX=0000000000004f98 RCX=0000000000000000 RDX=0000000000000001
RSI=0000010000007380 RDI=00000100000072e0 RBP=0000000000000000 RSP=0000010000007320
R8 =0000000000000002 R9 =0000000000000000 R10=0000000000000008 R11=0000010000007c48
R12=0000000000006288 R13=0000000000007608 R14=0000028000000000 R15=00000000000077d8
RIP=00000080000e9ad2 RFL=00000202 [-------] CPL=0 II=0 A20=1 SMM=0 HLT=0
ES =0010 0000000000000000 ffffffff 00cf9300 DPL=0 DS   [-WA]
CS =0008 0000000000000000 ffffffff 00af9b00 DPL=0 CS64 [-RA]
SS =0000 0000000000000000 ffffffff 00c09300 DPL=0 DS   [-WA]
DS =0010 0000000000000000 ffffffff 00cf9300 DPL=0 DS   [-WA]
FS =0000 0000000000000000 0000ffff 00009300 DPL=0 DS   [-WA]
GS =0000 0000000000000000 0000ffff 00009300 DPL=0 DS   [-WA]
LDT=0000 0000000000000000 0000ffff 00008200 DPL=0 LDT
TR =0010 00000080002b4e30 00000067 00008900 DPL=0 TSS64-avl
GDT=     00000080002b4ea0 0000001f
IDT=     00000080002b4f20 00000fff
CR0=80010011 CR2=0000000000000000 CR3=0000000001589000 CR4=00000020
DR0=0000000000000000 DR1=0000000000000000 DR2=0000000000000000 DR3=0000000000000000 
DR6=00000000ffff0ff0 DR7=0000000000000400
CCS=0000000000000000 CCD=00000100000072f8 CCO=EFLAGS
EFER=0000000000000d00
Servicing hardware INT=0x20
   155: v=20 e=0000 i=0 cpl=0 IP=0008:0000008000099fc0 pc=0000008000099fc0 SP=0000:0000010000006de8 env->regs[R_EAX]=0000008000084102
RAX=0000008000084102 RBX=0000000000004f98 RCX=0000000000000002 RDX=0000000000000001
RSI=0000000000000000 RDI=00000080002afdb8 RBP=0000000000000000 RSP=0000010000006de8
R8 =0000000000000002 R9 =0000000000000000 R10=0000000000000008 R11=0000010000007c48
R12=0000000000006288 R13=0000000000007608 R14=0000028000000000 R15=00000000000077d8
RIP=0000008000099fc0 RFL=00000246 [---Z-P-] CPL=0 II=0 A20=1 SMM=0 HLT=0
ES =0010 0000000000000000 ffffffff 00cf9300 DPL=0 DS   [-WA]
CS =0008 0000000000000000 ffffffff 00af9b00 DPL=0 CS64 [-RA]
SS =0000 0000000000000000 ffffffff 00c09300 DPL=0 DS   [-WA]
DS =0010 0000000000000000 ffffffff 00cf9300 DPL=0 DS   [-WA]
FS =0000 0000000000000000 0000ffff 00009300 DPL=0 DS   [-WA]
GS =0000 0000000000000000 0000ffff 00009300 DPL=0 DS   [-WA]
LDT=0000 0000000000000000 0000ffff 00008200 DPL=0 LDT
TR =0010 00000080002b4e30 00000067 00008900 DPL=0 TSS64-avl
GDT=     00000080002b4ea0 0000001f
IDT=     00000080002b4f20 00000fff
CR0=80010011 CR2=0000000000000000 CR3=0000000001589000 CR4=00000020
DR0=0000000000000000 DR1=0000000000000000 DR2=0000000000000000 DR3=0000000000000000 
DR6=00000000ffff0ff0 DR7=0000000000000400
CCS=0000000000000044 CCD=0000010000006df0 CCO=EFLAGS
EFER=0000000000000d00
Servicing hardware INT=0x20
   156: v=20 e=0000 i=0 cpl=0 IP=0008:00000080000e2e01 pc=00000080000e2e01 SP=0000:0000010000007510 env->regs[R_EAX]=00000080000e2e01
RAX=00000080000e2e01 RBX=0000000000004f98 RCX=000000800005fa5c RDX=00004444444550e0
RSI=0000010000007380 RDI=0000010000007598 RBP=0000000000000000 RSP=0000010000007510
R8 =0000000000000002 R9 =0000000000000000 R10=0000000000000008 R11=0000010000007c48
R12=0000000000006288 R13=0000000000007608 R14=0000028000000000 R15=00000000000077d8
RIP=00000080000e2e01 RFL=00000212 [----A--] CPL=0 II=0 A20=1 SMM=0 HLT=0
ES =0010 0000000000000000 ffffffff 00cf9300 DPL=0 DS   [-WA]
CS =0008 0000000000000000 ffffffff 00af9b00 DPL=0 CS64 [-RA]
SS =0000 0000000000000000 ffffffff 00c09300 DPL=0 DS   [-WA]
DS =0010 0000000000000000 ffffffff 00cf9300 DPL=0 DS   [-WA]
FS =0000 0000000000000000 0000ffff 00009300 DPL=0 DS   [-WA]
GS =0000 0000000000000000 0000ffff 00009300 DPL=0 DS   [-WA]
LDT=0000 0000000000000000 0000ffff 00008200 DPL=0 LDT
TR =0010 00000080002b4e30 00000067 00008900 DPL=0 TSS64-avl
GDT=     00000080002b4ea0 0000001f
IDT=     00000080002b4f20 00000fff
CR0=80010011 CR2=0000000000000000 CR3=0000000001589000 CR4=00000020
DR0=0000000000000000 DR1=0000000000000000 DR2=0000000000000000 DR3=0000000000000000 
DR6=00000000ffff0ff0 DR7=0000000000000400
CCS=0000000000000010 CCD=00000080000e2e01 CCO=EFLAGS
EFER=0000000000000d00
Servicing hardware INT=0x20
   157: v=20 e=0000 i=0 cpl=0 IP=0008:0000008000084158 pc=0000008000084158 SP=0000:0000010000006e70 env->regs[R_EAX]=0000000000000000
RAX=0000000000000000 RBX=0000000000004f98 RCX=00000080002afd00 RDX=0000000000000000
RSI=0000000000000000 RDI=00000080002afdb8 RBP=0000000000000000 RSP=0000010000006e70
R8 =0000000000000002 R9 =0000000000000000 R10=0000000000000008 R11=0000010000007c48
R12=0000000000006288 R13=0000000000007608 R14=0000028000000000 R15=00000000000077d8
RIP=0000008000084158 RFL=00000202 [-------] CPL=0 II=0 A20=1 SMM=0 HLT=0
ES =0010 0000000000000000 ffffffff 00cf9300 DPL=0 DS   [-WA]
CS =0008 0000000000000000 ffffffff 00af9b00 DPL=0 CS64 [-RA]
SS =0000 0000000000000000 ffffffff 00c09300 DPL=0 DS   [-WA]
DS =0010 0000000000000000 ffffffff 00cf9300 DPL=0 DS   [-WA]
FS =0000 0000000000000000 0000ffff 00009300 DPL=0 DS   [-WA]
GS =0000 0000000000000000 0000ffff 00009300 DPL=0 DS   [-WA]
LDT=0000 0000000000000000 0000ffff 00008200 DPL=0 LDT
TR =0010 00000080002b4e30 00000067 00008900 DPL=0 TSS64-avl
GDT=     00000080002b4ea0 0000001f
IDT=     00000080002b4f20 00000fff
CR0=80010011 CR2=0000000000000000 CR3=0000000001589000 CR4=00000020
DR0=0000000000000000 DR1=0000000000000000 DR2=0000000000000000 DR3=0000000000000000 
DR6=00000000ffff0ff0 DR7=0000000000000400
CCS=0000000000000000 CCD=0000010000006e68 CCO=EFLAGS
EFER=0000000000000d00
Servicing hardware INT=0x20
   158: v=20 e=0000 i=0 cpl=0 IP=0008:00000080000c2580 pc=00000080000c2580 SP=0000:00000100000070a8 env->regs[R_EAX]=0000000000000001
RAX=0000000000000001 RBX=0000000000004f98 RCX=0000000000000001 RDX=0000000000000010
RSI=0000000000000020 RDI=0000444444449660 RBP=0000000000000000 RSP=00000100000070a8
R8 =0000000000000002 R9 =0000000000000000 R10=0000000000000008 R11=0000010000007c48
R12=0000000000006288 R13=0000000000007608 R14=0000028000000000 R15=00000000000077d8
RIP=00000080000c2580 RFL=00000202 [-------] CPL=0 II=0 A20=1 SMM=0 HLT=0
ES =0010 0000000000000000 ffffffff 00cf9300 DPL=0 DS   [-WA]
CS =0008 0000000000000000 ffffffff 00af9b00 DPL=0 CS64 [-RA]
SS =0000 0000000000000000 ffffffff 00c09300 DPL=0 DS   [-WA]
DS =0010 0000000000000000 ffffffff 00cf9300 DPL=0 DS   [-WA]
FS =0000 0000000000000000 0000ffff 00009300 DPL=0 DS   [-WA]
GS =0000 0000000000000000 0000ffff 00009300 DPL=0 DS   [-WA]
LDT=0000 0000000000000000 0000ffff 00008200 DPL=0 LDT
TR =0010 00000080002b4e30 00000067 00008900 DPL=0 TSS64-avl
GDT=     00000080002b4ea0 0000001f
IDT=     00000080002b4f20 00000fff
CR0=80010011 CR2=0000000000000000 CR3=0000000001589000 CR4=00000020
DR0=0000000000000000 DR1=0000000000000000 DR2=0000000000000000 DR3=0000000000000000 
DR6=00000000ffff0ff0 DR7=0000000000000400
CCS=0000000000000000 CCD=00000100000070b0 CCO=EFLAGS
EFER=0000000000000d00
Servicing hardware INT=0x21
   159: v=21 e=0000 i=0 cpl=0 IP=0008:00000080000e2bf1 pc=00000080000e2bf1 SP=0000:0000010000007510 env->regs[R_EAX]=0000010000009101
RAX=0000010000009101 RBX=0000000000004f98 RCX=0000000000000000 RDX=0000000000000001
RSI=00000100000091a8 RDI=0000010000009160 RBP=0000000000000000 RSP=0000010000007510
R8 =0000000000000002 R9 =0000000000000000 R10=0000000000000008 R11=0000010000007c48
R12=0000000000006288 R13=0000000000007608 R14=0000028000000000 R15=00000000000077d8
RIP=00000080000e2bf1 RFL=00000202 [-------] CPL=0 II=0 A20=1 SMM=0 HLT=0
ES =0010 0000000000000000 ffffffff 00cf9300 DPL=0 DS   [-WA]
CS =0008 0000000000000000 ffffffff 00af9b00 DPL=0 CS64 [-RA]
SS =0000 0000000000000000 ffffffff 00c09300 DPL=0 DS   [-WA]
DS =0010 0000000000000000 ffffffff 00cf9300 DPL=0 DS   [-WA]
FS =0000 0000000000000000 0000ffff 00009300 DPL=0 DS   [-WA]
GS =0000 0000000000000000 0000ffff 00009300 DPL=0 DS   [-WA]
LDT=0000 0000000000000000 0000ffff 00008200 DPL=0 LDT
TR =0010 00000080002b4e30 00000067 00008900 DPL=0 TSS64-avl
GDT=     00000080002b4ea0 0000001f
IDT=     00000080002b4f20 00000fff
CR0=80010011 CR2=0000000000000000 CR3=0000000001589000 CR4=00000020
DR0=0000000000000000 DR1=0000000000000000 DR2=0000000000000000 DR3=0000000000000000 
DR6=00000000ffff0ff0 DR7=0000000000000400
CCS=00000000000000a8 CCD=0000000000000001 CCO=LOGICB
EFER=0000000000000d00
Servicing hardware INT=0x20
   160: v=20 e=0000 i=0 cpl=0 IP=0008:00000080000e13f0 pc=00000080000e13f0 SP=0000:0000010000007318 env->regs[R_EAX]=00000080000e13f0
RAX=00000080000e13f0 RBX=0000000000004f98 RCX=0000000000000000 RDX=0000010000013b58
RSI=00004444444495b0 RDI=0000010000007440 RBP=0000000000000000 RSP=0000010000007318
R8 =0000000000000010 R9 =0000000000000000 R10=0000000000000008 R11=0000010000007c48
R12=0000000000006288 R13=0000000000007608 R14=0000028000000000 R15=00000000000077d8
RIP=00000080000e13f0 RFL=00000206 [-----P-] CPL=0 II=0 A20=1 SMM=0 HLT=0
ES =0010 0000000000000000 ffffffff 00cf9300 DPL=0 DS   [-WA]
CS =0008 0000000000000000 ffffffff 00af9b00 DPL=0 CS64 [-RA]
SS =0000 0000000000000000 ffffffff 00c09300 DPL=0 DS   [-WA]
DS =0010 0000000000000000 ffffffff 00cf9300 DPL=0 DS   [-WA]
FS =0000 0000000000000000 0000ffff 00009300 DPL=0 DS   [-WA]
GS =0000 0000000000000000 0000ffff 00009300 DPL=0 DS   [-WA]
LDT=0000 0000000000000000 0000ffff 00008200 DPL=0 LDT
TR =0010 00000080002b4e30 00000067 00008900 DPL=0 TSS64-avl
GDT=     00000080002b4ea0 0000001f
IDT=     00000080002b4f20 00000fff
CR0=80010011 CR2=0000000000000000 CR3=0000000001589000 CR4=00000020
DR0=0000000000000000 DR1=0000000000000000 DR2=0000000000000000 DR3=0000000000000000 
DR6=00000000ffff0ff0 DR7=0000000000000400
CCS=0000000000000004 CCD=0000010000007318 CCO=EFLAGS
EFER=0000000000000d00
Servicing hardware INT=0x20
   161: v=20 e=0000 i=0 cpl=0 IP=0008:000000800008850a pc=000000800008850a SP=0000:0000010000006f80 env->regs[R_EAX]=0100008000088d60
RAX=0100008000088d60 RBX=0000000000004f98 RCX=000000800007af00 RDX=0000000000000001
RSI=0000000000000000 RDI=00000080002afdb8 RBP=0000000000000000 RSP=0000010000006f80
R8 =0000000000000002 R9 =0000000000000000 R10=0000000000000008 R11=0000010000007c48
R12=0000000000006288 R13=0000000000007608 R14=0000028000000000 R15=00000000000077d8
RIP=000000800008850a RFL=00000202 [-------] CPL=0 II=0 A20=1 SMM=0 HLT=0
ES =0010 0000000000000000 ffffffff 00cf9300 DPL=0 DS   [-WA]
CS =0008 0000000000000000 ffffffff 00af9b00 DPL=0 CS64 [-RA]
SS =0000 0000000000000000 ffffffff 00c09300 DPL=0 DS   [-WA]
DS =0010 0000000000000000 ffffffff 00cf9300 DPL=0 DS   [-WA]
FS =0000 0000000000000000 0000ffff 00009300 DPL=0 DS   [-WA]
GS =0000 0000000000000000 0000ffff 00009300 DPL=0 DS   [-WA]
LDT=0000 0000000000000000 0000ffff 00008200 DPL=0 LDT
TR =0010 00000080002b4e30 00000067 00008900 DPL=0 TSS64-avl
GDT=     00000080002b4ea0 0000001f
IDT=     00000080002b4f20 00000fff
CR0=80010011 CR2=0000000000000000 CR3=0000000001589000 CR4=00000020
DR0=0000000000000000 DR1=0000000000000000 DR2=0000000000000000 DR3=0000000000000000 
DR6=00000000ffff0ff0 DR7=0000000000000400
CCS=0000000000000000 CCD=0000010000006f58 CCO=EFLAGS
EFER=0000000000000d00
Servicing hardware INT=0x21
   162: v=21 e=0000 i=0 cpl=0 IP=0008:000000800009fd5e pc=000000800009fd5e SP=0000:00000100000070b0 env->regs[R_EAX]=0000000000000000
RAX=0000000000000000 RBX=0000000000004f98 RCX=00000080002afd00 RDX=0000000000000001
RSI=0000000000000000 RDI=00000080002afdb8 RBP=0000000000000000 RSP=00000100000070b0
R8 =0000000000000002 R9 =0000000000000000 R10=0000000000000008 R11=0000010000007c48
R12=0000000000006288 R13=0000000000007608 R14=0000028000000000 R15=00000000000077d8
RIP=000000800009fd5e RFL=00000202 [-------] CPL=0 II=0 A20=1 SMM=0 HLT=0
ES =0010 0000000000000000 ffffffff 00cf9300 DPL=0 DS   [-WA]
CS =0008 0000000000000000 ffffffff 00af9b00 DPL=0 CS64 [-RA]
SS =0000 0000000000000000 ffffffff 00c09300 DPL=0 DS   [-WA]
DS =0010 0000000000000000 ffffffff 00cf9300 DPL=0 DS   [-WA]
FS =0000 0000000000000000 0000ffff 00009300 DPL=0 DS   [-WA]
GS =0000 0000000000000000 0000ffff 00009300 DPL=0 DS   [-WA]
LDT=0000 0000000000000000 0000ffff 00008200 DPL=0 LDT
TR =0010 00000080002b4e30 00000067 00008900 DPL=0 TSS64-avl
GDT=     00000080002b4ea0 0000001f
IDT=     00000080002b4f20 00000fff
CR0=80010011 CR2=0000000000000000 CR3=0000000001589000 CR4=00000020
DR0=0000000000000000 DR1=0000000000000000 DR2=0000000000000000 DR3=0000000000000000 
DR6=00000000ffff0ff0 DR7=0000000000000400
CCS=0000000000000002 CCD=0000000000000001 CCO=LOGICB
EFER=0000000000000d00
Servicing hardware INT=0x20
   163: v=20 e=0000 i=0 cpl=0 IP=0008:00000080000bf504 pc=00000080000bf504 SP=0000:0000010000006f90 env->regs[R_EAX]=0000000000000001
RAX=0000000000000001 RBX=0000000000004f98 RCX=03ffffffffffffff RDX=0000000000000000
RSI=0000000000000001 RDI=0000000000000020 RBP=0000000000000000 RSP=0000010000006f90
R8 =0000000000000002 R9 =0000000000000000 R10=0000000000000008 R11=0000010000007c48
R12=0000000000006288 R13=0000000000007608 R14=0000028000000000 R15=00000000000077d8
RIP=00000080000bf504 RFL=00000202 [-------] CPL=0 II=0 A20=1 SMM=0 HLT=0
ES =0010 0000000000000000 ffffffff 00cf9300 DPL=0 DS   [-WA]
CS =0008 0000000000000000 ffffffff 00af9b00 DPL=0 CS64 [-RA]
SS =0000 0000000000000000 ffffffff 00c09300 DPL=0 DS   [-WA]
DS =0010 0000000000000000 ffffffff 00cf9300 DPL=0 DS   [-WA]
FS =0000 0000000000000000 0000ffff 00009300 DPL=0 DS   [-WA]
GS =0000 0000000000000000 0000ffff 00009300 DPL=0 DS   [-WA]
LDT=0000 0000000000000000 0000ffff 00008200 DPL=0 LDT
TR =0010 00000080002b4e30 00000067 00008900 DPL=0 TSS64-avl
GDT=     00000080002b4ea0 0000001f
IDT=     00000080002b4f20 00000fff
CR0=80010011 CR2=0000000000000000 CR3=0000000001589000 CR4=00000020
DR0=0000000000000000 DR1=0000000000000000 DR2=0000000000000000 DR3=0000000000000000 
DR6=00000000ffff0ff0 DR7=0000000000000400
CCS=0000000000000000 CCD=fc00000000000002 CCO=EFLAGS
EFER=0000000000000d00
Servicing hardware INT=0x20
   164: v=20 e=0000 i=0 cpl=0 IP=0008:00000080000845a0 pc=00000080000845a0 SP=0000:0000010000007088 env->regs[R_EAX]=00000080000845a0
RAX=00000080000845a0 RBX=0000000000004f98 RCX=00000080002b4ef8 RDX=00000080002b4efc
RSI=0000000000000000 RDI=0000010000007098 RBP=0000000000000000 RSP=0000010000007088
R8 =0000000000000002 R9 =0000000000000000 R10=0000000000000008 R11=0000010000007c48
R12=0000000000006288 R13=0000000000007608 R14=0000028000000000 R15=00000000000077d8
RIP=00000080000845a0 RFL=00000206 [-----P-] CPL=0 II=0 A20=1 SMM=0 HLT=0
ES =0010 0000000000000000 ffffffff 00cf9300 DPL=0 DS   [-WA]
CS =0008 0000000000000000 ffffffff 00af9b00 DPL=0 CS64 [-RA]
SS =0000 0000000000000000 ffffffff 00c09300 DPL=0 DS   [-WA]
DS =0010 0000000000000000 ffffffff 00cf9300 DPL=0 DS   [-WA]
FS =0000 0000000000000000 0000ffff 00009300 DPL=0 DS   [-WA]
GS =0000 0000000000000000 0000ffff 00009300 DPL=0 DS   [-WA]
LDT=0000 0000000000000000 0000ffff 00008200 DPL=0 LDT
TR =0010 00000080002b4e30 00000067 00008900 DPL=0 TSS64-avl
GDT=     00000080002b4ea0 0000001f
IDT=     00000080002b4f20 00000fff
CR0=80010011 CR2=0000000000000000 CR3=0000000001589000 CR4=00000020
DR0=0000000000000000 DR1=0000000000000000 DR2=0000000000000000 DR3=0000000000000000 
DR6=00000000ffff0ff0 DR7=0000000000000400
CCS=0000000000000004 CCD=00000080002b4efc CCO=EFLAGS
EFER=0000000000000d00
Servicing hardware INT=0x20
   165: v=20 e=0000 i=0 cpl=0 IP=0008:00000080000a6168 pc=00000080000a6168 SP=0000:0000010000007170 env->regs[R_EAX]=0000000000000001
RAX=0000000000000001 RBX=0000000000004f98 RCX=0000000000000001 RDX=0000000000000001
RSI=0000000000000001 RDI=0000000000000001 RBP=0000000000000000 RSP=0000010000007170
R8 =0000008000285dd8 R9 =0000000000000000 R10=0000000000000008 R11=0000010000007c48
R12=0000000000006288 R13=0000000000007608 R14=0000028000000000 R15=00000000000077d8
RIP=00000080000a6168 RFL=00000246 [---Z-P-] CPL=0 II=0 A20=1 SMM=0 HLT=0
ES =0010 0000000000000000 ffffffff 00cf9300 DPL=0 DS   [-WA]
CS =0008 0000000000000000 ffffffff 00af9b00 DPL=0 CS64 [-RA]
SS =0000 0000000000000000 ffffffff 00c09300 DPL=0 DS   [-WA]
DS =0010 0000000000000000 ffffffff 00cf9300 DPL=0 DS   [-WA]
FS =0000 0000000000000000 0000ffff 00009300 DPL=0 DS   [-WA]
GS =0000 0000000000000000 0000ffff 00009300 DPL=0 DS   [-WA]
LDT=0000 0000000000000000 0000ffff 00008200 DPL=0 LDT
TR =0010 00000080002b4e30 00000067 00008900 DPL=0 TSS64-avl
GDT=     00000080002b4ea0 0000001f
IDT=     00000080002b4f20 00000fff
CR0=80010011 CR2=0000000000000000 CR3=0000000001589000 CR4=00000020
DR0=0000000000000000 DR1=0000000000000000 DR2=0000000000000000 DR3=0000000000000000 
DR6=00000000ffff0ff0 DR7=0000000000000400
CCS=0000000000000044 CCD=0000000000000000 CCO=EFLAGS
EFER=0000000000000d00
Servicing hardware INT=0x20
   166: v=20 e=0000 i=0 cpl=0 IP=0008:000000800009a1eb pc=000000800009a1eb SP=0000:0000010000007030 env->regs[R_EAX]=0000000000000001
RAX=0000000000000001 RBX=0000000000004f98 RCX=00000100000070a0 RDX=0000000000000001
RSI=0000444444441900 RDI=0000444444441900 RBP=0000000000000000 RSP=0000010000007030
R8 =0000000000000002 R9 =0000000000000000 R10=0000000000000008 R11=0000010000007c48
R12=0000000000006288 R13=0000000000007608 R14=0000028000000000 R15=00000000000077d8
RIP=000000800009a1eb RFL=00000206 [-----P-] CPL=0 II=0 A20=1 SMM=0 HLT=0
ES =0010 0000000000000000 ffffffff 00cf9300 DPL=0 DS   [-WA]
CS =0008 0000000000000000 ffffffff 00af9b00 DPL=0 CS64 [-RA]
SS =0000 0000000000000000 ffffffff 00c09300 DPL=0 DS   [-WA]
DS =0010 0000000000000000 ffffffff 00cf9300 DPL=0 DS   [-WA]
FS =0000 0000000000000000 0000ffff 00009300 DPL=0 DS   [-WA]
GS =0000 0000000000000000 0000ffff 00009300 DPL=0 DS   [-WA]
LDT=0000 0000000000000000 0000ffff 00008200 DPL=0 LDT
TR =0010 00000080002b4e30 00000067 00008900 DPL=0 TSS64-avl
GDT=     00000080002b4ea0 0000001f
IDT=     00000080002b4f20 00000fff
CR0=80010011 CR2=0000000000000000 CR3=0000000001589000 CR4=00000020
DR0=0000000000000000 DR1=0000000000000000 DR2=0000000000000000 DR3=0000000000000000 
DR6=00000000ffff0ff0 DR7=0000000000000400
CCS=0000000000000004 CCD=0000444444441900 CCO=EFLAGS
EFER=0000000000000d00
Servicing hardware INT=0x20
   167: v=20 e=0000 i=0 cpl=0 IP=0008:00000080000849fb pc=00000080000849fb SP=0000:00000100000071e0 env->regs[R_EAX]=0000008000088500
RAX=0000008000088500 RBX=0000000000004f98 RCX=000000800007af00 RDX=0000000000000001
RSI=0000000000000000 RDI=00000080002afdb8 RBP=0000000000000000 RSP=00000100000071e0
R8 =0000000000000002 R9 =0000000000000000 R10=0000000000000008 R11=0000010000007c48
R12=0000000000006288 R13=0000000000007608 R14=0000028000000000 R15=00000000000077d8
RIP=00000080000849fb RFL=00000202 [-------] CPL=0 II=0 A20=1 SMM=0 HLT=0
ES =0010 0000000000000000 ffffffff 00cf9300 DPL=0 DS   [-WA]
CS =0008 0000000000000000 ffffffff 00af9b00 DPL=0 CS64 [-RA]
SS =0000 0000000000000000 ffffffff 00c09300 DPL=0 DS   [-WA]
DS =0010 0000000000000000 ffffffff 00cf9300 DPL=0 DS   [-WA]
FS =0000 0000000000000000 0000ffff 00009300 DPL=0 DS   [-WA]
GS =0000 0000000000000000 0000ffff 00009300 DPL=0 DS   [-WA]
LDT=0000 0000000000000000 0000ffff 00008200 DPL=0 LDT
TR =0010 00000080002b4e30 00000067 00008900 DPL=0 TSS64-avl
GDT=     00000080002b4ea0 0000001f
IDT=     00000080002b4f20 00000fff
CR0=80010011 CR2=0000000000000000 CR3=0000000001589000 CR4=00000020
DR0=0000000000000000 DR1=0000000000000000 DR2=0000000000000000 DR3=0000000000000000 
DR6=00000000ffff0ff0 DR7=0000000000000400
CCS=0000000000000000 CCD=00000100000071a8 CCO=EFLAGS
EFER=0000000000000d00
Servicing hardware INT=0x20
   168: v=20 e=0000 i=0 cpl=0 IP=0008:00000080000e2549 pc=00000080000e2549 SP=0000:0000010000007510 env->regs[R_EAX]=ffffffffffffff44
RAX=ffffffffffffff44 RBX=0000000000004f98 RCX=00000000000008e0 RDX=00004444444550e0
RSI=0000010000007380 RDI=0000010000007598 RBP=0000000000000000 RSP=0000010000007510
R8 =0000000000000002 R9 =0000000000000000 R10=0000000000000008 R11=0000010000007c48
R12=0000000000006288 R13=0000000000007608 R14=0000028000000000 R15=00000000000077d8
RIP=00000080000e2549 RFL=00000287 [--S--PC] CPL=0 II=0 A20=1 SMM=0 HLT=0
ES =0010 0000000000000000 ffffffff 00cf9300 DPL=0 DS   [-WA]
CS =0008 0000000000000000 ffffffff 00af9b00 DPL=0 CS64 [-RA]
SS =0000 0000000000000000 ffffffff 00c09300 DPL=0 DS   [-WA]
DS =0010 0000000000000000 ffffffff 00cf9300 DPL=0 DS   [-WA]
FS =0000 0000000000000000 0000ffff 00009300 DPL=0 DS   [-WA]
GS =0000 0000000000000000 0000ffff 00009300 DPL=0 DS   [-WA]
LDT=0000 0000000000000000 0000ffff 00008200 DPL=0 LDT
TR =0010 00000080002b4e30 00000067 00008900 DPL=0 TSS64-avl
GDT=     00000080002b4ea0 0000001f
IDT=     00000080002b4f20 00000fff
CR0=80010011 CR2=0000000000000000 CR3=0000000001589000 CR4=00000020
DR0=0000000000000000 DR1=0000000000000000 DR2=0000000000000000 DR3=0000000000000000 
DR6=00000000ffff0ff0 DR7=0000000000000400
CCS=00000000000000eb CCD=ffffffffffffff44 CCO=SUBQ
EFER=0000000000000d00
Servicing hardware INT=0x21
   169: v=21 e=0000 i=0 cpl=0 IP=0008:00000080000e2549 pc=00000080000e2549 SP=0000:0000010000007510 env->regs[R_EAX]=ffffffffffffff44
RAX=ffffffffffffff44 RBX=0000000000004f98 RCX=00000000000008e0 RDX=00004444444550e0
RSI=0000010000007380 RDI=0000010000007598 RBP=0000000000000000 RSP=0000010000007510
R8 =0000000000000002 R9 =0000000000000000 R10=0000000000000008 R11=0000010000007c48
R12=0000000000006288 R13=0000000000007608 R14=0000028000000000 R15=00000000000077d8
RIP=00000080000e2549 RFL=00000287 [--S--PC] CPL=0 II=0 A20=1 SMM=0 HLT=0
ES =0010 0000000000000000 ffffffff 00cf9300 DPL=0 DS   [-WA]
CS =0008 0000000000000000 ffffffff 00af9b00 DPL=0 CS64 [-RA]
SS =0000 0000000000000000 ffffffff 00c09300 DPL=0 DS   [-WA]
DS =0010 0000000000000000 ffffffff 00cf9300 DPL=0 DS   [-WA]
FS =0000 0000000000000000 0000ffff 00009300 DPL=0 DS   [-WA]
GS =0000 0000000000000000 0000ffff 00009300 DPL=0 DS   [-WA]
LDT=0000 0000000000000000 0000ffff 00008200 DPL=0 LDT
TR =0010 00000080002b4e30 00000067 00008900 DPL=0 TSS64-avl
GDT=     00000080002b4ea0 0000001f
IDT=     00000080002b4f20 00000fff
CR0=80010011 CR2=0000000000000000 CR3=0000000001589000 CR4=00000020
DR0=0000000000000000 DR1=0000000000000000 DR2=0000000000000000 DR3=0000000000000000 
DR6=00000000ffff0ff0 DR7=0000000000000400
CCS=0000000000000085 CCD=00000100000074a0 CCO=EFLAGS
EFER=0000000000000d00
Servicing hardware INT=0x20
   170: v=20 e=0000 i=0 cpl=0 IP=0008:000000800008777c pc=000000800008777c SP=0000:0000010000006e00 env->regs[R_EAX]=0000000000000020
RAX=0000000000000020 RBX=0000000000004f98 RCX=000000800023a7d0 RDX=0000000000000010
RSI=0000010000006dd0 RDI=0000010000006dc8 RBP=0000000000000000 RSP=0000010000006e00
R8 =0000000000000002 R9 =0000000000000000 R10=0000000000000008 R11=0000010000007c48
R12=0000000000006288 R13=0000000000007608 R14=0000028000000000 R15=00000000000077d8
RIP=000000800008777c RFL=00000206 [-----P-] CPL=0 II=0 A20=1 SMM=0 HLT=0
ES =0010 0000000000000000 ffffffff 00cf9300 DPL=0 DS   [-WA]
CS =0008 0000000000000000 ffffffff 00af9b00 DPL=0 CS64 [-RA]
SS =0000 0000000000000000 ffffffff 00c09300 DPL=0 DS   [-WA]
DS =0010 0000000000000000 ffffffff 00cf9300 DPL=0 DS   [-WA]
FS =0000 0000000000000000 0000ffff 00009300 DPL=0 DS   [-WA]
GS =0000 0000000000000000 0000ffff 00009300 DPL=0 DS   [-WA]
LDT=0000 0000000000000000 0000ffff 00008200 DPL=0 LDT
TR =0010 00000080002b4e30 00000067 00008900 DPL=0 TSS64-avl
GDT=     00000080002b4ea0 0000001f
IDT=     00000080002b4f20 00000fff
CR0=80010011 CR2=0000000000000000 CR3=0000000001589000 CR4=00000020
DR0=0000000000000000 DR1=0000000000000000 DR2=0000000000000000 DR3=0000000000000000 
DR6=00000000ffff0ff0 DR7=0000000000000400
CCS=0000000000000004 CCD=0000010000006de8 CCO=EFLAGS
EFER=0000000000000d00
Servicing hardware INT=0x21
   171: v=21 e=0000 i=0 cpl=0 IP=0008:00000080000b2c32 pc=00000080000b2c32 SP=0000:00000100000074f0 env->regs[R_EAX]=00004444444479c0
RAX=00004444444479c0 RBX=0000000000004f98 RCX=0000000000000004 RDX=0000000000000000
RSI=0000000000000000 RDI=0000010000012c78 RBP=0000000000000000 RSP=00000100000074f0
R8 =0000000000000002 R9 =0000000000000000 R10=0000000000000008 R11=0000010000007c48
R12=0000000000006288 R13=0000000000007608 R14=0000028000000000 R15=00000000000077d8
RIP=00000080000b2c32 RFL=00000206 [-----P-] CPL=0 II=0 A20=1 SMM=0 HLT=0
ES =0010 0000000000000000 ffffffff 00cf9300 DPL=0 DS   [-WA]
CS =0008 0000000000000000 ffffffff 00af9b00 DPL=0 CS64 [-RA]
SS =0000 0000000000000000 ffffffff 00c09300 DPL=0 DS   [-WA]
DS =0010 0000000000000000 ffffffff 00cf9300 DPL=0 DS   [-WA]
FS =0000 0000000000000000 0000ffff 00009300 DPL=0 DS   [-WA]
GS =0000 0000000000000000 0000ffff 00009300 DPL=0 DS   [-WA]
LDT=0000 0000000000000000 0000ffff 00008200 DPL=0 LDT
TR =0010 00000080002b4e30 00000067 00008900 DPL=0 TSS64-avl
GDT=     00000080002b4ea0 0000001f
IDT=     00000080002b4f20 00000fff
CR0=80010011 CR2=0000000000000000 CR3=0000000001589000 CR4=00000020
DR0=0000000000000000 DR1=0000000000000000 DR2=0000000000000000 DR3=0000000000000000 
DR6=00000000ffff0ff0 DR7=0000000000000400
CCS=0000000000000028 CCD=00000100000074e8 CCO=ADDQ
EFER=0000000000000d00
Servicing hardware INT=0x20
   172: v=20 e=0000 i=0 cpl=0 IP=0008:00000080000b9c1b pc=00000080000b9c1b SP=0000:0000010000007290 env->regs[R_EAX]=0000000000000001
RAX=0000000000000001 RBX=0000000000004f98 RCX=0000010000012c70 RDX=0000000000000000
RSI=0000000000000001 RDI=0000000000000020 RBP=0000000000000000 RSP=0000010000007290
R8 =0000000000000002 R9 =0000000000000000 R10=0000000000000008 R11=0000010000007c48
R12=0000000000006288 R13=0000000000007608 R14=0000028000000000 R15=00000000000077d8
RIP=00000080000b9c1b RFL=00000202 [-------] CPL=0 II=0 A20=1 SMM=0 HLT=0
ES =0010 0000000000000000 ffffffff 00cf9300 DPL=0 DS   [-WA]
CS =0008 0000000000000000 ffffffff 00af9b00 DPL=0 CS64 [-RA]
SS =0000 0000000000000000 ffffffff 00c09300 DPL=0 DS   [-WA]
DS =0010 0000000000000000 ffffffff 00cf9300 DPL=0 DS   [-WA]
FS =0000 0000000000000000 0000ffff 00009300 DPL=0 DS   [-WA]
GS =0000 0000000000000000 0000ffff 00009300 DPL=0 DS   [-WA]
LDT=0000 0000000000000000 0000ffff 00008200 DPL=0 LDT
TR =0010 00000080002b4e30 00000067 00008900 DPL=0 TSS64-avl
GDT=     00000080002b4ea0 0000001f
IDT=     00000080002b4f20 00000fff
CR0=80010011 CR2=0000000000000000 CR3=0000000001589000 CR4=00000020
DR0=0000000000000000 DR1=0000000000000000 DR2=0000000000000000 DR3=0000000000000000 
DR6=00000000ffff0ff0 DR7=0000000000000400
CCS=0000000000000000 CCD=0000000000000001 CCO=EFLAGS
EFER=0000000000000d00
Servicing hardware INT=0x20
   173: v=20 e=0000 i=0 cpl=0 IP=0008:00000080000af280 pc=00000080000af280 SP=0000:0000010000007168 env->regs[R_EAX]=0000000000000001
RAX=0000000000000001 RBX=0000000000004f98 RCX=0000000000000001 RDX=0000000000000001
RSI=0000000000000001 RDI=0000000000000001 RBP=0000000000000000 RSP=0000010000007168
R8 =0000008000285dd8 R9 =0000000000000000 R10=0000000000000008 R11=0000010000007c48
R12=0000000000006288 R13=0000000000007608 R14=0000028000000000 R15=00000000000077d8
RIP=00000080000af280 RFL=00000202 [-------] CPL=0 II=0 A20=1 SMM=0 HLT=0
ES =0010 0000000000000000 ffffffff 00cf9300 DPL=0 DS   [-WA]
CS =0008 0000000000000000 ffffffff 00af9b00 DPL=0 CS64 [-RA]
SS =0000 0000000000000000 ffffffff 00c09300 DPL=0 DS   [-WA]
DS =0010 0000000000000000 ffffffff 00cf9300 DPL=0 DS   [-WA]
FS =0000 0000000000000000 0000ffff 00009300 DPL=0 DS   [-WA]
GS =0000 0000000000000000 0000ffff 00009300 DPL=0 DS   [-WA]
LDT=0000 0000000000000000 0000ffff 00008200 DPL=0 LDT
TR =0010 00000080002b4e30 00000067 00008900 DPL=0 TSS64-avl
GDT=     00000080002b4ea0 0000001f
IDT=     00000080002b4f20 00000fff
CR0=80010011 CR2=0000000000000000 CR3=0000000001589000 CR4=00000020
DR0=0000000000000000 DR1=0000000000000000 DR2=0000000000000000 DR3=0000000000000000 
DR6=00000000ffff0ff0 DR7=0000000000000400
CCS=0000000000000000 CCD=0000010000007170 CCO=EFLAGS
EFER=0000000000000d00
Servicing hardware INT=0x20
   174: v=20 e=0000 i=0 cpl=0 IP=0008:000000800009a052 pc=000000800009a052 SP=0000:0000010000007030 env->regs[R_EAX]=0000000000000000
RAX=0000000000000000 RBX=0000000000004f98 RCX=00000080002b4e00 RDX=0000000000000000
RSI=0000000000000000 RDI=00000080002b4ef8 RBP=0000000000000000 RSP=0000010000007030
R8 =0000000000000002 R9 =0000000000000000 R10=0000000000000008 R11=0000010000007c48
R12=0000000000006288 R13=0000000000007608 R14=0000028000000000 R15=00000000000077d8
RIP=000000800009a052 RFL=00000206 [-----P-] CPL=0 II=0 A20=1 SMM=0 HLT=0
ES =0010 0000000000000000 ffffffff 00cf9300 DPL=0 DS   [-WA]
CS =0008 0000000000000000 ffffffff 00af9b00 DPL=0 CS64 [-RA]
SS =0000 0000000000000000 ffffffff 00c09300 DPL=0 DS   [-WA]
DS =0010 0000000000000000 ffffffff 00cf9300 DPL=0 DS   [-WA]
FS =0000 0000000000000000 0000ffff 00009300 DPL=0 DS   [-WA]
GS =0000 0000000000000000 0000ffff 00009300 DPL=0 DS   [-WA]
LDT=0000 0000000000000000 0000ffff 00008200 DPL=0 LDT
TR =0010 00000080002b4e30 00000067 00008900 DPL=0 TSS64-avl
GDT=     00000080002b4ea0 0000001f
IDT=     00000080002b4f20 00000fff
CR0=80010011 CR2=0000000000000000 CR3=0000000001589000 CR4=00000020
DR0=0000000000000000 DR1=0000000000000000 DR2=0000000000000000 DR3=0000000000000000 
DR6=00000000ffff0ff0 DR7=0000000000000400
CCS=0000000000000004 CCD=0000010000007028 CCO=EFLAGS
EFER=0000000000000d00
Servicing hardware INT=0x20
   175: v=20 e=0000 i=0 cpl=0 IP=0008:00000080000f6054 pc=00000080000f6054 SP=0000:0000010000007340 env->regs[R_EAX]=0000000000000000
RAX=0000000000000000 RBX=0000000000004f98 RCX=0000000000000000 RDX=000044444444d150
RSI=000044444444d138 RDI=00000100000131f8 RBP=0000000000000000 RSP=0000010000007340
R8 =0000008000285dd8 R9 =0000000000000000 R10=0000000000000008 R11=0000010000007c48
R12=0000000000006288 R13=0000000000007608 R14=0000028000000000 R15=00000000000077d8
RIP=00000080000f6054 RFL=00000246 [---Z-P-] CPL=0 II=0 A20=1 SMM=0 HLT=0
ES =0010 0000000000000000 ffffffff 00cf9300 DPL=0 DS   [-WA]
CS =0008 0000000000000000 ffffffff 00af9b00 DPL=0 CS64 [-RA]
SS =0000 0000000000000000 ffffffff 00c09300 DPL=0 DS   [-WA]
DS =0010 0000000000000000 ffffffff 00cf9300 DPL=0 DS   [-WA]
FS =0000 0000000000000000 0000ffff 00009300 DPL=0 DS   [-WA]
GS =0000 0000000000000000 0000ffff 00009300 DPL=0 DS   [-WA]
LDT=0000 0000000000000000 0000ffff 00008200 DPL=0 LDT
TR =0010 00000080002b4e30 00000067 00008900 DPL=0 TSS64-avl
GDT=     00000080002b4ea0 0000001f
IDT=     00000080002b4f20 00000fff
CR0=80010011 CR2=0000000000000000 CR3=0000000001589000 CR4=00000020
DR0=0000000000000000 DR1=0000000000000000 DR2=0000000000000000 DR3=0000000000000000 
DR6=00000000ffff0ff0 DR7=0000000000000400
CCS=0000000000000044 CCD=0000000000000000 CCO=EFLAGS
EFER=0000000000000d00
Servicing hardware INT=0x20
   176: v=20 e=0000 i=0 cpl=0 IP=0008:000000800017f970 pc=000000800017f970 SP=0000:0000010000007298 env->regs[R_EAX]=000000800017f970
RAX=000000800017f970 RBX=0000000000004f98 RCX=00000080000604c8 RDX=00000080002876f0
RSI=0000000000000000 RDI=00000100000131e0 RBP=0000000000000000 RSP=0000010000007298
R8 =0000000000000002 R9 =0000000000000000 R10=0000000000000008 R11=0000010000007c48
R12=0000000000006288 R13=0000000000007608 R14=0000028000000000 R15=00000000000077d8
RIP=000000800017f970 RFL=00000206 [-----P-] CPL=0 II=0 A20=1 SMM=0 HLT=0
ES =0010 0000000000000000 ffffffff 00cf9300 DPL=0 DS   [-WA]
CS =0008 0000000000000000 ffffffff 00af9b00 DPL=0 CS64 [-RA]
SS =0000 0000000000000000 ffffffff 00c09300 DPL=0 DS   [-WA]
DS =0010 0000000000000000 ffffffff 00cf9300 DPL=0 DS   [-WA]
FS =0000 0000000000000000 0000ffff 00009300 DPL=0 DS   [-WA]
GS =0000 0000000000000000 0000ffff 00009300 DPL=0 DS   [-WA]
LDT=0000 0000000000000000 0000ffff 00008200 DPL=0 LDT
TR =0010 00000080002b4e30 00000067 00008900 DPL=0 TSS64-avl
GDT=     00000080002b4ea0 0000001f
IDT=     00000080002b4f20 00000fff
CR0=80010011 CR2=0000000000000000 CR3=0000000001589000 CR4=00000020
DR0=0000000000000000 DR1=0000000000000000 DR2=0000000000000000 DR3=0000000000000000 
DR6=00000000ffff0ff0 DR7=0000000000000400
CCS=0000000000000004 CCD=00000080000f61db CCO=EFLAGS
EFER=0000000000000d00
Servicing hardware INT=0x21
   177: v=21 e=0000 i=0 cpl=0 IP=0008:00000080000e9a94 pc=00000080000e9a94 SP=0000:0000010000007320 env->regs[R_EAX]=0000010000007398
RAX=0000010000007398 RBX=0000000000004f98 RCX=000000800007af00 RDX=0000000000000001
RSI=0000000000000000 RDI=00000080002afdb8 RBP=0000000000000000 RSP=0000010000007320
R8 =0000000000000002 R9 =0000000000000000 R10=0000000000000008 R11=0000010000007c48
R12=0000000000006288 R13=0000000000007608 R14=0000028000000000 R15=00000000000077d8
RIP=00000080000e9a94 RFL=00000202 [-------] CPL=0 II=0 A20=1 SMM=0 HLT=0
ES =0010 0000000000000000 ffffffff 00cf9300 DPL=0 DS   [-WA]
CS =0008 0000000000000000 ffffffff 00af9b00 DPL=0 CS64 [-RA]
SS =0000 0000000000000000 ffffffff 00c09300 DPL=0 DS   [-WA]
DS =0010 0000000000000000 ffffffff 00cf9300 DPL=0 DS   [-WA]
FS =0000 0000000000000000 0000ffff 00009300 DPL=0 DS   [-WA]
GS =0000 0000000000000000 0000ffff 00009300 DPL=0 DS   [-WA]
LDT=0000 0000000000000000 0000ffff 00008200 DPL=0 LDT
TR =0010 00000080002b4e30 00000067 00008900 DPL=0 TSS64-avl
GDT=     00000080002b4ea0 0000001f
IDT=     00000080002b4f20 00000fff
CR0=80010011 CR2=0000000000000000 CR3=0000000001589000 CR4=00000020
DR0=0000000000000000 DR1=0000000000000000 DR2=0000000000000000 DR3=0000000000000000 
DR6=00000000ffff0ff0 DR7=0000000000000400
CCS=0000000000000028 CCD=00000100000072f8 CCO=ADDQ
EFER=0000000000000d00
check_exception old: 0xffffffff new 0xe
   178: v=0e e=0002 i=0 cpl=0 IP=0008:0000008000102274 pc=0000008000102274 SP=0000:0000010000000ba0 CR2=0000010000000be0
RAX=0000008000102240 RBX=0000000000004f98 RCX=00000100000049c8 RDX=0000010000005488
RSI=0000010000004fe0 RDI=0000010000005428 RBP=0000000000000000 RSP=0000010000000ba0
R8 =0000000000000002 R9 =0000000000000001 R10=000000800007c692 R11=8080808080808080
R12=0000000000006288 R13=0000000000007608 R14=0000028000000000 R15=00000000000077d8
RIP=0000008000102274 RFL=00000206 [-----P-] CPL=0 II=0 A20=1 SMM=0 HLT=0
ES =0010 0000000000000000 ffffffff 00cf9300 DPL=0 DS   [-WA]
CS =0008 0000000000000000 ffffffff 00af9b00 DPL=0 CS64 [-RA]
SS =0000 0000000000000000 ffffffff 00c09300 DPL=0 DS   [-WA]
DS =0010 0000000000000000 ffffffff 00cf9300 DPL=0 DS   [-WA]
FS =0000 0000000000000000 0000ffff 00009300 DPL=0 DS   [-WA]
GS =0000 0000000000000000 0000ffff 00009300 DPL=0 DS   [-WA]
LDT=0000 0000000000000000 0000ffff 00008200 DPL=0 LDT
TR =0010 00000080002b4e30 00000067 00008900 DPL=0 TSS64-avl
GDT=     00000080002b4ea0 0000001f
IDT=     00000080002b4f20 00000fff
CR0=80010011 CR2=0000010000000be0 CR3=0000000001589000 CR4=00000020
DR0=0000000000000000 DR1=0000000000000000 DR2=0000000000000000 DR3=0000000000000000 
DR6=00000000ffff0ff0 DR7=0000000000000400
CCS=0000000000000d78 CCD=0000010000000ba0 CCO=SUBQ
EFER=0000000000000d00
check_exception old: 0xe new 0xe
   179: v=08 e=0000 i=0 cpl=0 IP=0008:0000008000102274 pc=0000008000102274 SP=0000:0000010000000ba0 env->regs[R_EAX]=0000008000102240
RAX=0000008000102240 RBX=0000000000004f98 RCX=00000100000049c8 RDX=0000010000005488
RSI=0000010000004fe0 RDI=0000010000005428 RBP=0000000000000000 RSP=0000010000000ba0
R8 =0000000000000002 R9 =0000000000000001 R10=000000800007c692 R11=8080808080808080
R12=0000000000006288 R13=0000000000007608 R14=0000028000000000 R15=00000000000077d8
RIP=0000008000102274 RFL=00000206 [-----P-] CPL=0 II=0 A20=1 SMM=0 HLT=0
ES =0010 0000000000000000 ffffffff 00cf9300 DPL=0 DS   [-WA]
CS =0008 0000000000000000 ffffffff 00af9b00 DPL=0 CS64 [-RA]
SS =0000 0000000000000000 ffffffff 00c09300 DPL=0 DS   [-WA]
DS =0010 0000000000000000 ffffffff 00cf9300 DPL=0 DS   [-WA]
FS =0000 0000000000000000 0000ffff 00009300 DPL=0 DS   [-WA]
GS =0000 0000000000000000 0000ffff 00009300 DPL=0 DS   [-WA]
LDT=0000 0000000000000000 0000ffff 00008200 DPL=0 LDT
TR =0010 00000080002b4e30 00000067 00008900 DPL=0 TSS64-avl
GDT=     00000080002b4ea0 0000001f
IDT=     00000080002b4f20 00000fff
CR0=80010011 CR2=0000010000000b98 CR3=0000000001589000 CR4=00000020
DR0=0000000000000000 DR1=0000000000000000 DR2=0000000000000000 DR3=0000000000000000 
DR6=00000000ffff0ff0 DR7=0000000000000400
CCS=0000000000000d78 CCD=0000010000000ba0 CCO=SUBQ
EFER=0000000000000d00
